date,00:15,00:30,00:45,01:00,01:15,01:30,01:45,02:00,02:15,02:30,02:45,03:00,03:15,03:30,03:45,04:00,04:15,04:30,04:45,05:00,05:15,05:30,05:45,06:00,06:15,06:30,06:45,07:00,07:15,07:30,07:45,08:00,08:15,08:30,08:45,09:00,09:15,09:30,09:45,10:00,10:15,10:30,10:45,11:00,11:15,11:30,11:45,12:00,12:15,12:30,12:45,13:00,13:15,13:30,13:45,14:00,14:15,14:30,14:45,15:00,15:15,15:30,15:45,16:00,16:15,16:30,16:45,17:00,17:15,17:30,17:45,18:00,18:15,18:30,18:45,19:00,19:15,19:30,19:45,20:00,20:15,20:30,20:45,21:00,21:15,21:30,21:45,22:00,22:15,22:30,22:45,23:00,23:15,23:30,23:45,00:00
2020-09-02,0.0,0.0,0.0,0.0,0.0,0.0,0.0,0.0,0.0,0.0,0.0,0.0,0.0,0.0,0.0,0.0,0.0,0.0,0.0,0.0,0.0,0.0,0.0,0.0,0.0,0.0,0.0,0.0,0.0,0.0,0.0,0.0,0.0,0.0,0.0,0.0,0.0,0.0,0.0,0.0,0.0,0.0,0.0,0.0,0.0,0.0,0.0,0.0,0.0,0.0,0.0,0.0,0.0,0.0,0.0,0.0,0.0,0.0,0.0,0.0,0.0,0.0,0.0,0.0,0.0,0.0,0.0,0.0,0.0,0.0,0.0,0.0,0.0,0.0,0.0,0.0,0.0,0.0,0.0,0.0,0.0,0.0,0.0,0.0,0.0,0.0,0.0,0.0,0.0,0.0,0.0,0.0,0.0,0.0,0.0,5.0
2020-09-03,0.0,0.0,0.0,0.0,0.0,0.0,0.0,0.0,0.0,0.0,0.0,0.0,0.0,0.0,0.0,0.0,0.0,0.0,0.0,0.0,0.0,0.0,0.0,0.0,0.0,0.0,0.0,0.0,0.0,0.0,0.0,0.0,0.0,0.0,0.0,0.0,0.0,0.0,0.0,0.0,0.0,0.0,0.0,0.0,0.0,0.0,0.0,0.0,0.0,0.0,0.0,0.0,0.0,0.0,0.0,0.0,0.0,0.0,0.0,0.0,0.0,0.0,0.0,0.0,0.0,0.0,0.0,0.0,0.0,0.0,0.0,0.0,0.0,0.0,0.0,0.0,0.0,0.0,0.0,0.0,0.0,0.0,0.0,0.0,0.0,0.0,0.0,0.0,0.0,0.0,0.0,0.0,0.0,0.0,0.0,5543.0
2020-09-04,0.0,0.0,0.0,0.0,0.0,0.0,0.0,0.0,0.0,0.0,0.0,0.0,0.0,0.0,0.0,0.0,0.0,0.0,0.0,0.0,0.0,0.0,0.0,0.0,0.0,0.0,0.0,0.0,0.0,0.0,0.0,0.0,0.0,0.0,0.0,0.0,0.0,0.0,0.0,0.0,0.0,0.0,0.0,0.0,0.0,0.0,0.0,0.0,0.0,0.0,0.0,0.0,0.0,0.0,0.0,0.0,0.0,0.0,0.0,0.0,0.0,0.0,0.0,0.0,0.0,0.0,0.0,0.0,0.0,0.0,0.0,0.0,0.0,0.0,0.0,0.0,0.0,0.0,0.0,0.0,0.0,0.0,0.0,0.0,0.0,0.0,0.0,0.0,0.0,0.0,0.0,0.0,0.0,0.0,0.0,3361.0
2020-09-05,0.0,0.0,0.0,0.0,0.0,0.0,0.0,0.0,0.0,0.0,0.0,0.0,0.0,0.0,0.0,0.0,0.0,0.0,0.0,0.0,0.0,0.0,0.0,0.0,0.0,0.0,0.0,0.0,0.0,0.0,0.0,0.0,0.0,0.0,0.0,0.0,0.0,0.0,0.0,0.0,0.0,0.0,0.0,0.0,0.0,0.0,0.0,0.0,0.0,0.0,0.0,0.0,0.0,0.0,0.0,0.0,0.0,0.0,0.0,0.0,0.0,0.0,0.0,0.0,0.0,0.0,0.0,0.0,0.0,0.0,0.0,0.0,0.0,0.0,0.0,0.0,0.0,0.0,0.0,0.0,0.0,0.0,0.0,0.0,0.0,0.0,0.0,0.0,0.0,0.0,0.0,0.0,0.0,0.0,0.0,2884.0
2020-09-06,0.0,0.0,0.0,0.0,0.0,0.0,0.0,0.0,0.0,0.0,0.0,0.0,0.0,0.0,0.0,0.0,0.0,0.0,0.0,0.0,0.0,0.0,0.0,0.0,0.0,0.0,0.0,0.0,0.0,0.0,0.0,0.0,0.0,0.0,0.0,0.0,0.0,0.0,0.0,0.0,0.0,0.0,0.0,0.0,0.0,0.0,0.0,0.0,0.0,0.0,0.0,0.0,0.0,0.0,0.0,0.0,0.0,0.0,0.0,0.0,0.0,0.0,0.0,0.0,0.0,0.0,0.0,0.0,0.0,0.0,0.0,0.0,0.0,0.0,0.0,0.0,0.0,0.0,0.0,0.0,0.0,0.0,0.0,0.0,0.0,0.0,0.0,0.0,0.0,0.0,0.0,0.0,0.0,0.0,0.0,2709.0
2020-09-07,0.0,0.0,0.0,0.0,0.0,0.0,0.0,0.0,0.0,0.0,0.0,0.0,0.0,0.0,0.0,0.0,0.0,0.0,0.0,0.0,0.0,0.0,0.0,0.0,0.0,0.0,0.0,0.0,0.0,0.0,0.0,0.0,0.0,0.0,0.0,0.0,0.0,0.0,0.0,0.0,0.0,0.0,0.0,0.0,0.0,0.0,0.0,0.0,0.0,0.0,0.0,0.0,0.0,0.0,0.0,0.0,0.0,0.0,0.0,0.0,0.0,0.0,0.0,0.0,0.0,0.0,0.0,0.0,0.0,0.0,0.0,0.0,0.0,0.0,0.0,0.0,0.0,0.0,0.0,0.0,0.0,0.0,0.0,0.0,0.0,0.0,0.0,0.0,0.0,0.0,0.0,0.0,0.0,0.0,0.0,5035.0
2020-09-08,0.0,0.0,0.0,0.0,0.0,0.0,0.0,0.0,0.0,0.0,0.0,0.0,0.0,0.0,0.0,0.0,0.0,0.0,0.0,0.0,0.0,0.0,0.0,0.0,0.0,0.0,0.0,0.0,0.0,0.0,0.0,0.0,0.0,0.0,0.0,0.0,0.0,0.0,0.0,0.0,0.0,0.0,0.0,0.0,0.0,0.0,0.0,0.0,0.0,0.0,0.0,0.0,0.0,0.0,0.0,0.0,0.0,0.0,0.0,0.0,0.0,0.0,0.0,0.0,0.0,0.0,0.0,0.0,0.0,0.0,0.0,0.0,0.0,0.0,0.0,0.0,0.0,0.0,0.0,0.0,0.0,0.0,0.0,0.0,0.0,0.0,0.0,0.0,0.0,0.0,0.0,0.0,0.0,0.0,0.0,5079.0
2020-09-09,0.0,0.0,0.0,0.0,0.0,0.0,0.0,0.0,0.0,0.0,0.0,0.0,0.0,0.0,0.0,0.0,0.0,0.0,0.0,0.0,0.0,0.0,0.0,0.0,0.0,51.0,118.0,118.0,118.0,118.0,118.0,118.0,118.0,131.0,497.0,603.0,603.0,603.0,772.0,1049.0,1086.0,1122.0,1122.0,1122.0,1725.0,2352.0,2467.0,2467.0,2467.0,2467.0,2467.0,2467.0,2467.0,2479.0,2479.0,2586.0,2679.0,2679.0,2717.0,2756.0,2756.0,2842.0,2842.0,2921.0,2921.0,2921.0,3038.0,3038.0,3038.0,3243.0,3749.0,4024.0,4024.0,4024.0,4105.0,5099.0,5157.0,5157.0,5157.0,5157.0,5157.0,5184.0,5198.0,5218.0,5218.0,5218.0,5218.0,5226.0,5226.0,5226.0,5226.0,5226.0,5226.0,5381.0,5381.0,5556.0
2020-09-10,0.0,0.0,0.0,0.0,0.0,0.0,0.0,0.0,0.0,0.0,0.0,0.0,0.0,0.0,0.0,0.0,0.0,0.0,0.0,0.0,0.0,0.0,0.0,0.0,0.0,0.0,79.0,79.0,79.0,79.0,79.0,79.0,101.0,1149.0,2104.0,2399.0,2486.0,2634.0,2648.0,2648.0,2648.0,2830.0,4206.0,4831.0,4831.0,5658.0,5847.0,5963.0,5963.0,5963.0,5963.0,6539.0,6539.0,6696.0,6724.0,6724.0,6825.0,7884.0,8973.0,8973.0,8973.0,8973.0,8973.0,8973.0,9604.0,9604.0,9604.0,9670.0,9741.0,9741.0,9741.0,9779.0,10036.0,10036.0,10036.0,10065.0,10065.0,10795.0,11844.0,13312.0,13562.0,14928.0,14928.0,14928.0,14928.0,14928.0,14928.0,14928.0,14928.0,14928.0,14928.0,14928.0,14928.0,14928.0,14928.0,14928.0
2020-09-11,0.0,0.0,0.0,0.0,0.0,0.0,0.0,0.0,0.0,0.0,0.0,0.0,0.0,0.0,0.0,0.0,0.0,0.0,0.0,0.0,9.0,9.0,12.0,12.0,12.0,42.0,122.0,122.0,122.0,122.0,122.0,974.0,1133.0,1236.0,1236.0,1236.0,1236.0,1378.0,1679.0,1679.0,1679.0,1759.0,1759.0,1830.0,2378.0,2703.0,2968.0,2968.0,2968.0,2968.0,2968.0,2968.0,3276.0,3276.0,3276.0,3276.0,3478.0,3478.0,3478.0,3478.0,3478.0,3525.0,3560.0,3560.0,3647.0,3647.0,3647.0,3737.0,3809.0,3809.0,3809.0,3841.0,4344.0,4641.0,4641.0,4641.0,4641.0,5656.0,6697.0,6719.0,6719.0,6782.0,8205.0,9189.0,10172.0,11156.0,12504.0,13385.0,14410.0,15088.0,15088.0,15088.0,15088.0,15088.0,15088.0,15088.0
2020-09-12,8.0,8.0,8.0,8.0,8.0,8.0,18.0,18.0,18.0,18.0,18.0,18.0,18.0,18.0,18.0,18.0,18.0,18.0,18.0,18.0,18.0,18.0,18.0,18.0,18.0,18.0,85.0,144.0,158.0,158.0,158.0,158.0,261.0,261.0,638.0,638.0,1897.0,2488.0,3775.0,3775.0,3775.0,3775.0,4480.0,4885.0,4885.0,4885.0,4885.0,4885.0,4885.0,4885.0,4885.0,4885.0,4885.0,4885.0,4908.0,4928.0,4928.0,5967.0,7029.0,8493.0,8868.0,8868.0,8868.0,8868.0,9269.0,10486.0,11294.0,12718.0,13524.0,13544.0,13544.0,13544.0,13835.0,13867.0,13867.0,13867.0,13867.0,13867.0,13867.0,13867.0,13867.0,13867.0,13867.0,13867.0,13867.0,13867.0,13877.0,13877.0,13877.0,13877.0,13877.0,13877.0,13877.0,13877.0,13877.0,13877.0
2020-09-13,0.0,0.0,0.0,0.0,0.0,0.0,0.0,0.0,0.0,0.0,0.0,0.0,0.0,0.0,0.0,0.0,0.0,0.0,0.0,0.0,0.0,0.0,0.0,0.0,0.0,0.0,0.0,71.0,71.0,82.0,82.0,82.0,82.0,275.0,1552.0,1560.0,1560.0,1560.0,1560.0,1578.0,1578.0,1578.0,1586.0,1586.0,1586.0,1586.0,1586.0,1586.0,1586.0,2189.0,3599.0,3629.0,4098.0,5203.0,5203.0,5203.0,5203.0,5203.0,5203.0,6264.0,7961.0,9021.0,9795.0,10223.0,10223.0,10223.0,10223.0,10252.0,10252.0,10252.0,10252.0,10252.0,11229.0,12406.0,12706.0,12706.0,12706.0,13024.0,13048.0,13048.0,13688.0,14038.0,14038.0,14038.0,14038.0,14038.0,14038.0,14038.0,14038.0,14038.0,14038.0,14038.0,14038.0,14038.0,14038.0,14038.0
2020-09-14,0.0,0.0,0.0,0.0,10.0,10.0,10.0,10.0,10.0,10.0,10.0,10.0,10.0,10.0,10.0,10.0,10.0,10.0,10.0,10.0,10.0,10.0,10.0,10.0,10.0,10.0,10.0,98.0,127.0,139.0,139.0,374.0,410.0,503.0,503.0,503.0,503.0,602.0,1029.0,1037.0,1037.0,1037.0,1037.0,1076.0,1670.0,2323.0,2344.0,2344.0,2438.0,2615.0,2615.0,2615.0,2615.0,2755.0,2805.0,2805.0,2882.0,2882.0,3007.0,3007.0,3106.0,3106.0,3106.0,3106.0,3221.0,3221.0,3221.0,3344.0,3344.0,3383.0,3605.0,4083.0,4083.0,4083.0,4083.0,4180.0,4190.0,4190.0,4535.0,5938.0,7391.0,8449.0,9237.0,10257.0,11399.0,12682.0,14335.0,15207.0,15207.0,15207.0,15207.0,15207.0,15207.0,15207.0,15207.0,15207.0
2020-09-15,0.0,0.0,0.0,0.0,0.0,0.0,0.0,0.0,0.0,0.0,0.0,0.0,0.0,0.0,0.0,0.0,0.0,0.0,0.0,0.0,0.0,0.0,0.0,0.0,0.0,0.0,0.0,58.0,71.0,71.0,71.0,71.0,181.0,1448.0,1448.0,1556.0,1568.0,1665.0,1665.0,1942.0,2045.0,2045.0,2045.0,2045.0,2712.0,2878.0,3401.0,3762.0,3771.0,3771.0,3771.0,3771.0,3771.0,4432.0,4603.0,5920.0,6294.0,6356.0,6476.0,6476.0,6528.0,6540.0,6567.0,6631.0,6769.0,6777.0,6777.0,6856.0,6856.0,6886.0,6886.0,7120.0,8579.0,9073.0,9642.0,9907.0,9907.0,9907.0,9907.0,9907.0,10014.0,10014.0,10459.0,11908.0,13040.0,14132.0,15589.0,16206.0,16206.0,16206.0,16206.0,16206.0,16206.0,16206.0,16206.0,16206.0
2020-09-16,32.0,32.0,32.0,32.0,32.0,32.0,32.0,32.0,32.0,32.0,32.0,32.0,32.0,32.0,32.0,32.0,32.0,32.0,32.0,32.0,32.0,32.0,32.0,32.0,32.0,32.0,32.0,169.0,177.0,177.0,177.0,177.0,177.0,190.0,283.0,283.0,283.0,541.0,619.0,924.0,971.0,971.0,971.0,971.0,1566.0,1908.0,2298.0,2298.0,2298.0,2298.0,2298.0,2298.0,2298.0,2298.0,2298.0,2344.0,2624.0,2624.0,2624.0,2624.0,2707.0,2707.0,2955.0,2955.0,3149.0,3262.0,3322.0,3403.0,3801.0,4961.0,4961.0,5296.0,5613.0,5613.0,5613.0,5689.0,6049.0,6049.0,6049.0,6049.0,6743.0,8023.0,9026.0,10208.0,11112.0,11368.0,12805.0,14197.0,14810.0,14810.0,14810.0,14810.0,14810.0,14810.0,14810.0,14810.0
2020-09-17,0.0,0.0,0.0,0.0,0.0,0.0,0.0,0.0,0.0,0.0,0.0,0.0,0.0,0.0,0.0,0.0,0.0,0.0,0.0,0.0,0.0,0.0,0.0,0.0,0.0,0.0,0.0,62.0,90.0,90.0,116.0,116.0,342.0,1674.0,1684.0,1684.0,1781.0,1781.0,1781.0,1781.0,2439.0,2439.0,2439.0,2439.0,3129.0,3317.0,3870.0,3870.0,3870.0,3870.0,3870.0,3870.0,3870.0,4343.0,4343.0,4343.0,4343.0,4343.0,4343.0,4353.0,4353.0,4549.0,4591.0,4591.0,4591.0,4693.0,4693.0,4693.0,4777.0,4821.0,4918.0,5017.0,5051.0,5515.0,5903.0,5903.0,5903.0,5903.0,6185.0,7288.0,7298.0,7882.0,7882.0,8163.0,9147.0,9600.0,9600.0,9600.0,9600.0,9600.0,9600.0,9600.0,9600.0,9600.0,9600.0,9600.0
2020-09-18,11.0,34.0,34.0,34.0,34.0,34.0,34.0,34.0,34.0,34.0,34.0,34.0,34.0,34.0,34.0,34.0,34.0,34.0,34.0,34.0,34.0,34.0,34.0,34.0,122.0,140.0,616.0,616.0,616.0,616.0,616.0,1094.0,1094.0,1106.0,1106.0,1106.0,1133.0,2192.0,2883.0,3129.0,3129.0,3129.0,3129.0,3129.0,3129.0,3129.0,3129.0,3129.0,3149.0,3149.0,3149.0,3149.0,3295.0,3387.0,4295.0,5153.0,5153.0,5153.0,5153.0,5917.0,6137.0,6496.0,6496.0,6496.0,6496.0,6496.0,7252.0,8496.0,8636.0,10392.0,12132.0,12138.0,13055.0,14382.0,14398.0,14398.0,14436.0,14436.0,14436.0,14437.0,14437.0,14437.0,14437.0,14437.0,14437.0,14437.0,14437.0,14437.0,14437.0,14437.0,14437.0,14437.0,14437.0,14437.0,14437.0,14437.0
2020-09-19,0.0,0.0,0.0,0.0,0.0,0.0,0.0,0.0,0.0,0.0,0.0,0.0,0.0,0.0,0.0,0.0,0.0,0.0,0.0,0.0,0.0,0.0,0.0,0.0,0.0,0.0,0.0,0.0,59.0,59.0,59.0,59.0,59.0,871.0,2058.0,2512.0,2527.0,2527.0,2905.0,3985.0,3985.0,3985.0,3985.0,4025.0,4025.0,4025.0,4025.0,4025.0,4025.0,4025.0,4039.0,5699.0,6900.0,6900.0,7845.0,8626.0,8626.0,8681.0,10407.0,12112.0,12544.0,12544.0,12544.0,12544.0,13813.0,13912.0,14084.0,15474.0,16644.0,16644.0,16644.0,16644.0,16644.0,16644.0,16644.0,16644.0,16644.0,16644.0,16644.0,16644.0,16644.0,16644.0,16644.0,16644.0,16644.0,16644.0,16644.0,16644.0,16644.0,16644.0,16644.0,16644.0,16644.0,16644.0,16644.0,16644.0
2020-09-20,0.0,0.0,0.0,0.0,0.0,0.0,0.0,0.0,0.0,0.0,0.0,0.0,0.0,0.0,0.0,0.0,0.0,0.0,0.0,0.0,0.0,0.0,0.0,0.0,0.0,0.0,0.0,83.0,508.0,546.0,546.0,546.0,1336.0,2695.0,3354.0,3354.0,3699.0,4444.0,4444.0,4457.0,5195.0,6234.0,6625.0,8313.0,10043.0,10210.0,10210.0,10210.0,10210.0,10210.0,10210.0,10210.0,11303.0,12652.0,13295.0,13295.0,13944.0,14063.0,14086.0,15295.0,16084.0,16084.0,16084.0,16084.0,16084.0,16084.0,16084.0,16084.0,16084.0,16084.0,16084.0,16084.0,16084.0,16084.0,16084.0,16084.0,16084.0,16185.0,16408.0,16408.0,16408.0,16408.0,16408.0,16408.0,16408.0,16408.0,16408.0,16408.0,16408.0,16439.0,16439.0,16439.0,16439.0,16439.0,16439.0,16439.0
2020-09-21,0.0,0.0,0.0,18.0,18.0,18.0,18.0,18.0,18.0,18.0,18.0,18.0,18.0,18.0,18.0,18.0,18.0,18.0,18.0,18.0,18.0,18.0,18.0,18.0,18.0,18.0,18.0,101.0,101.0,101.0,101.0,101.0,598.0,1383.0,2252.0,2252.0,2252.0,2272.0,2272.0,2272.0,2406.0,2406.0,2534.0,2655.0,2655.0,2655.0,2664.0,2664.0,3293.0,4060.0,4246.0,4445.0,4445.0,4445.0,4445.0,4445.0,4445.0,4445.0,4445.0,4445.0,4445.0,4445.0,4445.0,4552.0,4578.0,5283.0,5283.0,5283.0,5283.0,5541.0,5580.0,5948.0,6520.0,7546.0,7546.0,7546.0,7546.0,7716.0,8805.0,9002.0,9059.0,9059.0,9059.0,9059.0,9059.0,9059.0,9059.0,9081.0,9081.0,9081.0,9081.0,9081.0,9081.0,9081.0,9081.0,9081.0
2020-09-22,0.0,0.0,53.0,53.0,53.0,53.0,53.0,53.0,53.0,53.0,53.0,53.0,53.0,53.0,53.0,53.0,53.0,53.0,53.0,53.0,53.0,53.0,53.0,53.0,53.0,53.0,53.0,53.0,53.0,53.0,53.0,53.0,61.0,61.0,357.0,1116.0,1600.0,1978.0,1989.0,2344.0,2344.0,2344.0,2472.0,2641.0,2641.0,2641.0,2641.0,2641.0,2762.0,3088.0,3549.0,3549.0,3549.0,3549.0,3934.0,4115.0,4324.0,4867.0,4995.0,4995.0,4995.0,4995.0,4995.0,4995.0,4995.0,4995.0,4995.0,4995.0,4995.0,5198.0,6360.0,6372.0,6372.0,6372.0,6372.0,6372.0,6557.0,7595.0,7595.0,7595.0,7595.0,7630.0,8468.0,9705.0,10835.0,12105.0,13324.0,14461.0,14461.0,14461.0,14461.0,14461.0,14461.0,14461.0,14461.0,14461.0
2020-09-23,0.0,0.0,0.0,0.0,0.0,0.0,0.0,0.0,0.0,0.0,0.0,0.0,0.0,0.0,0.0,0.0,0.0,0.0,0.0,0.0,0.0,0.0,0.0,0.0,0.0,0.0,0.0,85.0,103.0,103.0,103.0,103.0,154.0,154.0,249.0,333.0,333.0,333.0,672.0,978.0,1015.0,1015.0,1015.0,1183.0,1714.0,1899.0,2424.0,2424.0,2424.0,2424.0,2440.0,2440.0,2613.0,2655.0,2655.0,2655.0,2655.0,2655.0,2655.0,2655.0,2873.0,2873.0,2873.0,2873.0,2873.0,2882.0,2974.0,2974.0,2983.0,3270.0,3809.0,4021.0,4021.0,4021.0,4096.0,5202.0,5291.0,5291.0,5300.0,5300.0,5305.0,5306.0,5306.0,5306.0,5306.0,5306.0,5306.0,5306.0,5306.0,5306.0,5306.0,5306.0,5306.0,5306.0,5306.0,5306.0
2020-09-24,0.0,0.0,0.0,0.0,0.0,0.0,0.0,0.0,0.0,0.0,0.0,0.0,0.0,0.0,0.0,0.0,0.0,0.0,0.0,0.0,0.0,0.0,0.0,0.0,0.0,0.0,0.0,141.0,155.0,155.0,155.0,155.0,155.0,155.0,155.0,155.0,298.0,1325.0,1325.0,1325.0,1403.0,1594.0,1913.0,1913.0,2394.0,2520.0,3392.0,5050.0,6726.0,7099.0,7099.0,7099.0,7099.0,7261.0,7261.0,7322.0,7343.0,7343.0,7343.0,7343.0,7343.0,7343.0,7343.0,7343.0,7490.0,7490.0,7490.0,7490.0,7490.0,7490.0,7490.0,7490.0,7730.0,8187.0,8187.0,8187.0,8187.0,8319.0,8319.0,8319.0,8541.0,9117.0,9117.0,9117.0,9117.0,9117.0,9885.0,10151.0,10544.0,11114.0,12294.0,13138.0,13138.0,13138.0,13138.0,13138.0
2020-09-25,0.0,0.0,0.0,0.0,0.0,0.0,0.0,0.0,0.0,0.0,0.0,0.0,0.0,0.0,0.0,0.0,0.0,0.0,0.0,0.0,0.0,0.0,0.0,0.0,0.0,0.0,0.0,95.0,95.0,95.0,95.0,95.0,105.0,105.0,496.0,578.0,578.0,578.0,730.0,1020.0,1020.0,1097.0,1097.0,1097.0,1506.0,1760.0,1962.0,1962.0,1962.0,1962.0,1962.0,1962.0,1962.0,2011.0,2187.0,2187.0,2187.0,2187.0,2187.0,2187.0,2420.0,2420.0,2420.0,2495.0,2495.0,2495.0,2705.0,2721.0,2721.0,2802.0,2901.0,3422.0,3776.0,3776.0,3776.0,3776.0,4602.0,4952.0,4952.0,5323.0,6442.0,6465.0,7850.0,8975.0,10162.0,11507.0,12810.0,12855.0,12874.0,12874.0,12874.0,12874.0,12874.0,12874.0,12874.0,12874.0
2020-09-26,0.0,0.0,0.0,0.0,0.0,0.0,0.0,0.0,0.0,0.0,0.0,0.0,0.0,0.0,0.0,0.0,0.0,0.0,0.0,0.0,0.0,0.0,0.0,0.0,0.0,0.0,0.0,73.0,94.0,94.0,94.0,94.0,322.0,1548.0,1811.0,1811.0,1811.0,1817.0,1817.0,1831.0,1831.0,1831.0,1831.0,1831.0,1831.0,2492.0,4174.0,5377.0,5878.0,6364.0,6364.0,6445.0,7158.0,7158.0,7158.0,7158.0,7158.0,7158.0,7421.0,7764.0,8369.0,8596.0,8871.0,8871.0,8871.0,8871.0,8871.0,9054.0,9867.0,9867.0,9867.0,9867.0,9953.0,11155.0,12490.0,12832.0,12832.0,12979.0,13629.0,14514.0,15775.0,16047.0,16047.0,16047.0,16047.0,16047.0,16047.0,16047.0,16047.0,16047.0,16047.0,16047.0,16047.0,16047.0,16047.0,16047.0
2020-09-27,0.0,0.0,0.0,0.0,0.0,0.0,0.0,0.0,0.0,0.0,0.0,0.0,0.0,0.0,0.0,0.0,0.0,0.0,0.0,0.0,0.0,0.0,0.0,0.0,0.0,0.0,0.0,58.0,72.0,72.0,72.0,72.0,72.0,72.0,72.0,91.0,188.0,188.0,188.0,202.0,493.0,493.0,493.0,493.0,923.0,1300.0,1368.0,1368.0,1368.0,1368.0,1368.0,1368.0,1368.0,1604.0,1604.0,1604.0,1604.0,1604.0,1604.0,1604.0,1604.0,1604.0,1604.0,1700.0,1700.0,1876.0,1876.0,1876.0,1876.0,2379.0,2379.0,2379.0,2707.0,3090.0,3090.0,3090.0,3178.0,3186.0,3186.0,3186.0,3546.0,3546.0,3546.0,4129.0,5141.0,5575.0,5875.0,7654.0,9441.0,11168.0,11189.0,12011.0,13533.0,14809.0,15759.0,15759.0
2020-09-28,0.0,0.0,0.0,0.0,0.0,0.0,0.0,0.0,0.0,0.0,0.0,0.0,0.0,0.0,0.0,0.0,0.0,0.0,0.0,0.0,0.0,0.0,0.0,0.0,0.0,0.0,0.0,52.0,116.0,116.0,116.0,116.0,116.0,116.0,116.0,116.0,116.0,227.0,227.0,441.0,441.0,441.0,825.0,1545.0,2510.0,3869.0,4103.0,4103.0,4995.0,5784.0,5784.0,5784.0,5784.0,5784.0,5784.0,5929.0,5929.0,6009.0,6009.0,6316.0,6316.0,6316.0,6316.0,7434.0,7839.0,8063.0,8422.0,8438.0,8446.0,8446.0,8446.0,8446.0,9571.0,9656.0,9656.0,9656.0,9656.0,9656.0,9656.0,9656.0,9656.0,9656.0,9656.0,9656.0,9656.0,9656.0,9656.0,9656.0,9656.0,9656.0,9656.0,9656.0,9656.0,9656.0,9656.0,9656.0
2020-09-29,0.0,0.0,0.0,0.0,0.0,0.0,0.0,0.0,0.0,0.0,0.0,0.0,0.0,0.0,0.0,0.0,0.0,0.0,0.0,0.0,0.0,0.0,0.0,0.0,0.0,0.0,0.0,75.0,88.0,88.0,88.0,88.0,88.0,88.0,88.0,191.0,191.0,372.0,372.0,372.0,766.0,766.0,766.0,766.0,1130.0,1203.0,1640.0,1640.0,1640.0,1640.0,1640.0,1640.0,1655.0,1859.0,1859.0,1859.0,1859.0,1859.0,1859.0,1863.0,1946.0,1946.0,1946.0,1946.0,1946.0,1946.0,1946.0,1946.0,2120.0,2202.0,2202.0,2620.0,3078.0,3078.0,3078.0,3078.0,3191.0,3191.0,3191.0,3201.0,3517.0,3517.0,3517.0,3517.0,3517.0,4561.0,6278.0,7610.0,8858.0,8885.0,9977.0,11211.0,12878.0,14414.0,15685.0,15685.0
2020-09-30,0.0,0.0,0.0,0.0,0.0,9.0,9.0,9.0,9.0,9.0,9.0,9.0,9.0,9.0,9.0,9.0,9.0,9.0,9.0,9.0,9.0,9.0,18.0,18.0,18.0,18.0,18.0,72.0,72.0,72.0,72.0,72.0,72.0,72.0,72.0,72.0,72.0,72.0,72.0,72.0,72.0,72.0,72.0,72.0,72.0,72.0,72.0,72.0,72.0,72.0,72.0,72.0,72.0,72.0,72.0,72.0,72.0,72.0,72.0,72.0,72.0,72.0,72.0,72.0,72.0,72.0,72.0,72.0,72.0,72.0,72.0,72.0,72.0,72.0,72.0,72.0,72.0,72.0,72.0,72.0,72.0,72.0,72.0,72.0,72.0,72.0,72.0,72.0,72.0,72.0,72.0,72.0,72.0,72.0,72.0,72.0
2020-10-01,179.0,655.0,992.0,992.0,992.0,992.0,1155.0,1155.0,1165.0,1165.0,1165.0,1165.0,1165.0,1165.0,1165.0,1165.0,1165.0,1165.0,1165.0,1165.0,1165.0,1165.0,1165.0,1165.0,1165.0,1165.0,1165.0,1165.0,1240.0,1240.0,1240.0,1240.0,1240.0,1240.0,1267.0,1267.0,1312.0,1631.0,1631.0,1633.0,1659.0,1659.0,1659.0,1659.0,1659.0,1659.0,1659.0,3067.0,4596.0,6394.0,7311.0,7335.0,7343.0,7359.0,8198.0,8198.0,8198.0,8198.0,8198.0,8198.0,8198.0,8198.0,8198.0,8228.0,8228.0,8228.0,8228.0,8228.0,8228.0,8228.0,8228.0,8228.0,8930.0,10736.0,11963.0,11963.0,11963.0,11963.0,11963.0,11963.0,11963.0,11974.0,12458.0,13546.0,14630.0,14945.0,14945.0,14945.0,14945.0,14945.0,14945.0,14945.0,14945.0,14945.0,14945.0,14945.0
2020-10-02,0.0,0.0,0.0,0.0,0.0,0.0,0.0,0.0,0.0,0.0,0.0,0.0,0.0,0.0,0.0,0.0,0.0,0.0,0.0,0.0,0.0,0.0,0.0,0.0,0.0,0.0,0.0,58.0,58.0,58.0,58.0,58.0,84.0,84.0,84.0,92.0,92.0,92.0,92.0,92.0,92.0,92.0,584.0,2407.0,4231.0,4976.0,4976.0,4976.0,4976.0,4990.0,4990.0,5516.0,5779.0,5779.0,5779.0,5909.0,6126.0,6126.0,6126.0,6126.0,6166.0,7314.0,8577.0,9115.0,9219.0,9976.0,10476.0,10613.0,12010.0,13742.0,14323.0,14323.0,15594.0,17376.0,17544.0,17544.0,17544.0,17544.0,17544.0,17544.0,17544.0,17544.0,17544.0,17544.0,17544.0,17544.0,17544.0,17544.0,17544.0,17544.0,17544.0,17544.0,17544.0,17544.0,17544.0,17544.0
2020-10-03,0.0,0.0,0.0,0.0,0.0,0.0,0.0,0.0,0.0,0.0,0.0,0.0,0.0,0.0,0.0,0.0,0.0,0.0,0.0,0.0,0.0,0.0,0.0,0.0,0.0,0.0,0.0,88.0,98.0,98.0,98.0,98.0,98.0,98.0,98.0,98.0,126.0,126.0,126.0,137.0,355.0,1329.0,2859.0,4691.0,5133.0,5133.0,5133.0,5133.0,5133.0,5133.0,5133.0,5133.0,5934.0,5970.0,5983.0,5983.0,5983.0,5983.0,5983.0,5983.0,5983.0,5983.0,5983.0,5983.0,5983.0,6056.0,7057.0,7656.0,9351.0,10767.0,11047.0,11047.0,11047.0,11047.0,11047.0,11047.0,11047.0,11047.0,11088.0,11654.0,12222.0,13481.0,14434.0,14434.0,14434.0,14434.0,16173.0,17981.0,18478.0,18478.0,18478.0,18478.0,18478.0,18478.0,18478.0,18478.0
2020-10-04,0.0,0.0,0.0,0.0,0.0,0.0,0.0,0.0,0.0,0.0,0.0,0.0,0.0,0.0,0.0,0.0,0.0,0.0,0.0,0.0,0.0,0.0,0.0,0.0,0.0,0.0,0.0,34.0,68.0,68.0,68.0,68.0,68.0,68.0,68.0,78.0,86.0,111.0,111.0,120.0,120.0,120.0,120.0,1022.0,2014.0,3766.0,3766.0,3766.0,3766.0,3766.0,3766.0,3766.0,4580.0,4580.0,4580.0,4580.0,4580.0,4580.0,4580.0,4580.0,4645.0,5301.0,6401.0,7417.0,8552.0,10213.0,10658.0,10673.0,10673.0,10673.0,10673.0,10673.0,10686.0,10699.0,10699.0,10699.0,10699.0,10699.0,10699.0,11970.0,12740.0,12740.0,13097.0,13901.0,14095.0,15854.0,17620.0,17943.0,17943.0,17943.0,17943.0,17943.0,17943.0,17943.0,17943.0,17943.0
2020-10-05,0.0,0.0,0.0,0.0,0.0,0.0,0.0,0.0,0.0,0.0,0.0,0.0,18.0,18.0,18.0,18.0,18.0,18.0,18.0,18.0,18.0,18.0,18.0,18.0,18.0,18.0,18.0,18.0,130.0,130.0,130.0,130.0,130.0,130.0,143.0,143.0,143.0,143.0,143.0,221.0,234.0,1610.0,2858.0,4700.0,5356.0,5356.0,5356.0,5373.0,5373.0,5373.0,5373.0,5373.0,6111.0,6111.0,6111.0,6111.0,6111.0,7479.0,9138.0,9652.0,10052.0,10060.0,10579.0,10890.0,11824.0,13210.0,13332.0,13375.0,13375.0,13486.0,14450.0,15341.0,15372.0,15372.0,16874.0,18016.0,18016.0,18016.0,18016.0,18016.0,18016.0,18016.0,18016.0,18016.0,18016.0,18016.0,18016.0,18016.0,18016.0,18016.0,18016.0,18016.0,18016.0,18016.0,18016.0,18016.0
2020-10-06,0.0,0.0,0.0,0.0,0.0,0.0,0.0,0.0,0.0,0.0,0.0,0.0,0.0,0.0,0.0,0.0,0.0,0.0,0.0,0.0,0.0,0.0,0.0,0.0,0.0,108.0,133.0,133.0,133.0,145.0,145.0,145.0,250.0,250.0,250.0,490.0,1026.0,1906.0,1906.0,1906.0,1906.0,1906.0,1906.0,1906.0,1933.0,1933.0,1933.0,1933.0,1933.0,1933.0,1933.0,1933.0,2464.0,2775.0,3222.0,3222.0,3222.0,3336.0,3634.0,4349.0,4349.0,4349.0,4349.0,4349.0,4349.0,4349.0,4349.0,4349.0,5513.0,6370.0,6649.0,6649.0,7499.0,9277.0,10396.0,10404.0,10404.0,10404.0,10675.0,10798.0,10798.0,10798.0,10798.0,11478.0,12767.0,14080.0,15846.0,17614.0,17677.0,17677.0,17677.0,17677.0,17677.0,17677.0,17677.0,17677.0
2020-10-07,0.0,0.0,0.0,0.0,0.0,0.0,0.0,0.0,0.0,0.0,0.0,0.0,0.0,0.0,0.0,0.0,0.0,0.0,0.0,0.0,0.0,0.0,0.0,0.0,0.0,0.0,22.0,78.0,144.0,144.0,144.0,144.0,144.0,144.0,144.0,368.0,396.0,396.0,396.0,421.0,440.0,440.0,440.0,456.0,456.0,456.0,1678.0,3319.0,4063.0,4091.0,4091.0,4091.0,4896.0,4929.0,5170.0,5170.0,5402.0,5851.0,6428.0,7082.0,7881.0,7881.0,7895.0,8301.0,8301.0,8301.0,8517.0,9550.0,10655.0,11572.0,11635.0,12937.0,14135.0,15721.0,17546.0,17737.0,17737.0,17737.0,17737.0,17737.0,17737.0,17737.0,17737.0,17737.0,17737.0,17737.0,17737.0,17737.0,17737.0,17737.0,17737.0,17737.0,17737.0,17737.0,17737.0,17737.0
2020-10-08,0.0,0.0,0.0,0.0,0.0,0.0,0.0,0.0,0.0,0.0,0.0,0.0,0.0,0.0,0.0,0.0,0.0,0.0,0.0,0.0,0.0,0.0,0.0,0.0,0.0,0.0,0.0,82.0,104.0,123.0,123.0,123.0,123.0,123.0,123.0,123.0,123.0,123.0,123.0,123.0,123.0,143.0,556.0,1970.0,3281.0,5097.0,5598.0,6725.0,6771.0,6771.0,6771.0,7202.0,7670.0,7682.0,7682.0,7690.0,7690.0,8936.0,10657.0,11440.0,11468.0,11468.0,11468.0,11468.0,11468.0,11533.0,12830.0,13148.0,13148.0,13148.0,13148.0,13148.0,13148.0,13148.0,13148.0,13148.0,13148.0,13148.0,13148.0,13148.0,13148.0,13148.0,13148.0,13148.0,13148.0,13148.0,13148.0,13148.0,13148.0,13148.0,13148.0,13148.0,13148.0,13148.0,13148.0,13148.0
2020-10-09,0.0,0.0,0.0,0.0,0.0,0.0,0.0,0.0,0.0,0.0,0.0,0.0,0.0,0.0,0.0,20.0,20.0,20.0,20.0,20.0,20.0,20.0,20.0,20.0,20.0,20.0,20.0,123.0,183.0,192.0,192.0,192.0,192.0,192.0,196.0,290.0,290.0,431.0,431.0,557.0,728.0,728.0,728.0,728.0,1081.0,1412.0,1556.0,1556.0,1615.0,1648.0,1648.0,1648.0,1648.0,1797.0,1797.0,1797.0,1807.0,1807.0,1807.0,2027.0,2027.0,2027.0,2027.0,2027.0,2027.0,2027.0,2103.0,2103.0,2103.0,2270.0,2270.0,2270.0,2270.0,2417.0,3068.0,3111.0,3111.0,3111.0,3234.0,3234.0,3234.0,3971.0,4426.0,5727.0,6889.0,7139.0,7175.0,8156.0,9682.0,10663.0,12451.0,13527.0,13527.0,13527.0,13527.0,13527.0
2020-10-10,0.0,0.0,0.0,0.0,0.0,0.0,0.0,0.0,0.0,0.0,0.0,0.0,0.0,0.0,0.0,0.0,0.0,0.0,0.0,0.0,0.0,0.0,0.0,0.0,0.0,0.0,0.0,0.0,24.0,24.0,24.0,24.0,24.0,24.0,33.0,33.0,33.0,136.0,182.0,246.0,246.0,444.0,602.0,602.0,939.0,1391.0,1391.0,1391.0,1391.0,1391.0,1556.0,1669.0,1669.0,1669.0,1669.0,1859.0,1859.0,1859.0,1859.0,1859.0,1859.0,1859.0,1859.0,1947.0,1947.0,1947.0,1947.0,1947.0,1947.0,1947.0,2079.0,2657.0,2726.0,2726.0,2726.0,2801.0,3965.0,4090.0,4090.0,4090.0,4090.0,4113.0,4113.0,4113.0,4596.0,5788.0,7215.0,7719.0,9514.0,11313.0,12464.0,13559.0,14505.0,15340.0,15340.0,15340.0
2020-10-11,0.0,0.0,0.0,0.0,0.0,0.0,0.0,0.0,0.0,0.0,0.0,0.0,0.0,0.0,0.0,0.0,0.0,0.0,0.0,0.0,0.0,0.0,0.0,0.0,0.0,0.0,0.0,0.0,0.0,0.0,0.0,0.0,0.0,0.0,38.0,58.0,69.0,70.0,70.0,70.0,70.0,70.0,70.0,70.0,1040.0,2834.0,3756.0,4118.0,5917.0,7472.0,7472.0,7472.0,7472.0,8253.0,8261.0,8261.0,8261.0,8285.0,8285.0,8285.0,8285.0,8285.0,8285.0,8747.0,9135.0,9405.0,9827.0,10333.0,10434.0,10434.0,10434.0,10434.0,10435.0,10435.0,10435.0,10590.0,10622.0,11301.0,12097.0,12981.0,13166.0,13297.0,14219.0,14948.0,15005.0,15005.0,15005.0,15005.0,15005.0,15005.0,15005.0,15005.0,15005.0,15005.0,15005.0,15005.0
2020-10-12,0.0,0.0,0.0,0.0,0.0,0.0,0.0,0.0,0.0,0.0,0.0,0.0,0.0,0.0,0.0,0.0,0.0,0.0,0.0,0.0,0.0,0.0,0.0,0.0,0.0,0.0,0.0,0.0,9.0,9.0,9.0,9.0,20.0,20.0,20.0,464.0,1420.0,1510.0,1510.0,1510.0,1679.0,1980.0,1980.0,1980.0,2303.0,2601.0,2648.0,2648.0,2648.0,2648.0,2648.0,2648.0,2805.0,2879.0,2956.0,2956.0,2956.0,2956.0,3393.0,3502.0,3502.0,3502.0,3510.0,3510.0,3510.0,3510.0,3595.0,3595.0,3636.0,3676.0,3905.0,4241.0,4497.0,4497.0,4497.0,4565.0,4605.0,4605.0,5640.0,5747.0,5901.0,7438.0,8582.0,10036.0,10133.0,10395.0,11288.0,12171.0,12916.0,14658.0,16209.0,16209.0,16209.0,16209.0,16209.0,16209.0
2020-10-13,16.0,16.0,16.0,16.0,16.0,16.0,16.0,16.0,16.0,16.0,16.0,16.0,16.0,16.0,16.0,16.0,16.0,16.0,16.0,16.0,16.0,16.0,16.0,16.0,16.0,16.0,16.0,16.0,16.0,16.0,16.0,16.0,24.0,24.0,24.0,24.0,24.0,123.0,123.0,123.0,284.0,603.0,603.0,603.0,877.0,981.0,1280.0,1280.0,1280.0,1280.0,1280.0,1280.0,1280.0,1280.0,1494.0,1502.0,1502.0,1502.0,1584.0,1584.0,1584.0,1584.0,1584.0,1584.0,1584.0,1584.0,1584.0,1584.0,1664.0,1664.0,1664.0,1664.0,1664.0,1738.0,2251.0,2546.0,2546.0,2546.0,2546.0,2654.0,2664.0,3420.0,3420.0,3931.0,5308.0,6348.0,6481.0,6481.0,6848.0,7212.0,7530.0,7833.0,7833.0,8467.0,10278.0,10857.0
2020-10-14,0.0,0.0,0.0,0.0,0.0,0.0,0.0,0.0,0.0,0.0,0.0,0.0,0.0,0.0,0.0,0.0,0.0,0.0,0.0,0.0,0.0,0.0,0.0,0.0,0.0,130.0,130.0,130.0,130.0,130.0,130.0,241.0,241.0,280.0,301.0,301.0,301.0,301.0,928.0,928.0,928.0,928.0,928.0,928.0,963.0,963.0,1054.0,1860.0,2389.0,3312.0,3387.0,3387.0,3387.0,3387.0,3387.0,3406.0,3780.0,4064.0,4136.0,4136.0,4136.0,4136.0,4568.0,5019.0,5065.0,5685.0,5685.0,5685.0,5685.0,5685.0,5685.0,5685.0,5685.0,6369.0,6781.0,6799.0,6818.0,6818.0,7099.0,7137.0,7137.0,7172.0,7172.0,7172.0,7594.0,8065.0,8230.0,8936.0,10712.0,11687.0,11831.0,13075.0,14045.0,14229.0,14229.0,14229.0
2020-10-15,0.0,0.0,0.0,0.0,0.0,17.0,17.0,17.0,17.0,17.0,17.0,17.0,17.0,17.0,17.0,17.0,17.0,17.0,17.0,17.0,17.0,17.0,17.0,17.0,17.0,17.0,17.0,17.0,17.0,17.0,17.0,17.0,17.0,17.0,17.0,17.0,17.0,17.0,17.0,17.0,17.0,17.0,17.0,17.0,17.0,17.0,17.0,17.0,25.0,118.0,118.0,118.0,532.0,532.0,532.0,532.0,532.0,1282.0,1282.0,1282.0,1282.0,1282.0,1282.0,1282.0,1282.0,1282.0,1282.0,1282.0,1282.0,1282.0,2028.0,2506.0,2506.0,2506.0,2506.0,2506.0,2506.0,2506.0,2506.0,2506.0,2506.0,3290.0,4094.0,4094.0,4094.0,4094.0,4094.0,4199.0,4302.0,5201.0,5204.0,5204.0,5722.0,7462.0,9051.0,9051.0
2020-10-16,67.0,67.0,67.0,67.0,67.0,67.0,67.0,67.0,67.0,67.0,67.0,67.0,67.0,67.0,67.0,67.0,67.0,67.0,67.0,67.0,67.0,67.0,67.0,67.0,67.0,67.0,67.0,67.0,150.0,150.0,150.0,150.0,150.0,150.0,150.0,252.0,1302.0,1302.0,1406.0,1515.0,1575.0,1575.0,1925.0,1925.0,2219.0,2571.0,2605.0,3186.0,3186.0,3186.0,3186.0,3186.0,3186.0,3186.0,3186.0,3186.0,3186.0,3186.0,3186.0,3284.0,3284.0,3284.0,3284.0,3443.0,3451.0,3531.0,3531.0,3611.0,3621.0,3621.0,3708.0,3728.0,3789.0,4306.0,4417.0,4417.0,4417.0,4417.0,4556.0,4556.0,4556.0,4895.0,5194.0,6517.0,6942.0,7656.0,8175.0,9558.0,10713.0,10974.0,12224.0,13592.0,14263.0,14263.0,14263.0,14263.0
2020-10-17,0.0,0.0,0.0,0.0,0.0,0.0,0.0,0.0,0.0,0.0,0.0,0.0,0.0,0.0,0.0,0.0,0.0,0.0,0.0,0.0,0.0,0.0,0.0,0.0,0.0,0.0,0.0,0.0,0.0,0.0,0.0,0.0,0.0,0.0,0.0,0.0,0.0,0.0,0.0,0.0,0.0,0.0,0.0,0.0,0.0,0.0,0.0,0.0,0.0,0.0,0.0,0.0,0.0,0.0,0.0,0.0,0.0,0.0,0.0,0.0,0.0,0.0,0.0,0.0,0.0,0.0,0.0,0.0,0.0,0.0,0.0,0.0,0.0,0.0,0.0,0.0,0.0,0.0,0.0,0.0,0.0,0.0,0.0,0.0,0.0,0.0,0.0,0.0,0.0,0.0,0.0,47.0,47.0,47.0,47.0,47.0
2020-10-17,0.0,0.0,0.0,0.0,0.0,0.0,0.0,0.0,0.0,0.0,0.0,0.0,0.0,0.0,0.0,0.0,0.0,0.0,0.0,0.0,0.0,0.0,0.0,0.0,0.0,0.0,0.0,2.0,2.0,2.0,2.0,2.0,2.0,2.0,10.0,10.0,10.0,261.0,315.0,783.0,2162.0,2339.0,3318.0,3465.0,3670.0,3813.0,3813.0,3813.0,3813.0,3813.0,4820.0,4820.0,5384.0,5804.0,5804.0,6325.0,6899.0,6899.0,6899.0,6899.0,7293.0,8520.0,9311.0,10265.0,10305.0,10305.0,10305.0,10512.0,10844.0,10844.0,10992.0,11531.0,12118.0,12130.0,12130.0,12130.0,12169.0,12169.0,12169.0,12169.0,12169.0,12252.0,12252.0,12252.0,13298.0,15086.0,16784.0,16784.0,16784.0,16784.0,16784.0,16784.0,16784.0,16784.0,16784.0,16784.0
2020-10-18,0.0,0.0,0.0,0.0,0.0,0.0,0.0,0.0,0.0,0.0,0.0,0.0,0.0,0.0,0.0,0.0,0.0,0.0,0.0,0.0,0.0,0.0,0.0,0.0,0.0,0.0,0.0,0.0,0.0,0.0,0.0,0.0,0.0,0.0,0.0,0.0,0.0,0.0,0.0,0.0,0.0,0.0,0.0,0.0,0.0,40.0,118.0,118.0,118.0,118.0,118.0,118.0,118.0,118.0,118.0,118.0,118.0,118.0,118.0,118.0,118.0,118.0,118.0,118.0,118.0,118.0,118.0,118.0,118.0,118.0,118.0,118.0,118.0,118.0,118.0,118.0,118.0,118.0,118.0,118.0,118.0,118.0,118.0,118.0,118.0,118.0,118.0,118.0,118.0,118.0,118.0,118.0,118.0,118.0,118.0,118.0
2020-10-18,0.0,0.0,0.0,0.0,0.0,0.0,0.0,0.0,0.0,0.0,0.0,0.0,0.0,0.0,0.0,0.0,0.0,0.0,0.0,0.0,0.0,0.0,0.0,0.0,6.0,6.0,6.0,34.0,96.0,96.0,96.0,96.0,96.0,96.0,96.0,96.0,96.0,119.0,119.0,119.0,876.0,2659.0,4208.0,4966.0,4966.0,4966.0,5052.0,5052.0,5052.0,5060.0,5060.0,5079.0,5079.0,5079.0,5079.0,5151.0,5151.0,5151.0,5151.0,5151.0,5155.0,5433.0,6171.0,6286.0,6716.0,7108.0,7186.0,7334.0,7519.0,7608.0,7608.0,7608.0,7628.0,7628.0,7628.0,7961.0,7979.0,7979.0,7979.0,7979.0,8020.0,9370.0,11132.0,11735.0,11735.0,11735.0,11735.0,11735.0,11735.0,11735.0,11735.0,11735.0,11735.0,11735.0,11735.0,11735.0
2020-10-19,0.0,0.0,0.0,0.0,0.0,0.0,0.0,0.0,0.0,0.0,0.0,0.0,0.0,0.0,0.0,0.0,0.0,0.0,0.0,0.0,0.0,0.0,0.0,0.0,0.0,0.0,0.0,99.0,99.0,99.0,99.0,99.0,99.0,99.0,99.0,99.0,99.0,189.0,235.0,306.0,306.0,439.0,1116.0,1190.0,1224.0,1601.0,1915.0,1942.0,1942.0,1942.0,1942.0,1942.0,1942.0,1942.0,2061.0,2096.0,2096.0,2096.0,2096.0,2096.0,2335.0,2335.0,2406.0,2406.0,2406.0,2454.0,2520.0,2520.0,2535.0,2535.0,2720.0,3375.0,3375.0,3375.0,3375.0,3512.0,3853.0,3853.0,3853.0,3853.0,3853.0,3853.0,3853.0,3853.0,4935.0,6714.0,7885.0,8665.0,8665.0,9950.0,11024.0,11024.0,11024.0,11024.0,11024.0,11024.0
2020-10-20,0.0,0.0,0.0,0.0,0.0,0.0,0.0,0.0,0.0,0.0,0.0,0.0,0.0,0.0,0.0,0.0,0.0,0.0,0.0,0.0,0.0,0.0,0.0,0.0,0.0,0.0,0.0,12.0,12.0,12.0,12.0,12.0,12.0,12.0,18.0,133.0,133.0,133.0,302.0,302.0,388.0,666.0,666.0,666.0,989.0,1329.0,1329.0,1329.0,1329.0,1329.0,1329.0,1329.0,1329.0,1534.0,1534.0,1534.0,1534.0,1611.0,1611.0,1611.0,1694.0,1694.0,1694.0,1694.0,1694.0,1694.0,1774.0,1774.0,1786.0,1857.0,1859.0,1859.0,1941.0,2266.0,2356.0,2356.0,2356.0,2896.0,3781.0,3789.0,3798.0,4599.0,4599.0,4599.0,4599.0,4599.0,4599.0,4907.0,6659.0,8423.0,8657.0,9974.0,11693.0,12164.0,12164.0,12164.0
2020-10-21,0.0,0.0,0.0,0.0,0.0,0.0,0.0,0.0,0.0,0.0,0.0,0.0,0.0,0.0,0.0,0.0,0.0,0.0,0.0,0.0,9.0,9.0,9.0,9.0,9.0,9.0,9.0,9.0,9.0,9.0,9.0,9.0,9.0,9.0,9.0,10.0,10.0,13.0,113.0,244.0,244.0,274.0,607.0,607.0,932.0,1272.0,1306.0,1306.0,1306.0,1306.0,1306.0,1500.0,1541.0,1541.0,1541.0,2388.0,2388.0,2388.0,2388.0,2388.0,2388.0,2388.0,2388.0,2388.0,2388.0,2404.0,2404.0,2495.0,2495.0,2495.0,2495.0,2495.0,2710.0,2975.0,2975.0,2975.0,2975.0,3093.0,3093.0,3093.0,3846.0,3922.0,3922.0,3922.0,3922.0,3922.0,3922.0,3922.0,3922.0,3922.0,3922.0,3922.0,3922.0,3922.0,3922.0,3922.0
2020-10-22,0.0,0.0,0.0,0.0,0.0,0.0,0.0,0.0,0.0,0.0,0.0,0.0,0.0,0.0,0.0,0.0,0.0,0.0,0.0,0.0,0.0,0.0,0.0,0.0,0.0,0.0,0.0,0.0,27.0,27.0,27.0,27.0,27.0,27.0,27.0,124.0,260.0,260.0,260.0,632.0,644.0,644.0,740.0,740.0,1205.0,1544.0,1544.0,1544.0,1544.0,1546.0,1688.0,1688.0,1688.0,1688.0,1688.0,1772.0,1772.0,1772.0,1772.0,1847.0,1847.0,1927.0,1927.0,1927.0,1927.0,1927.0,2042.0,2042.0,2042.0,2056.0,2380.0,2380.0,2380.0,2380.0,2380.0,2380.0,2380.0,2380.0,2380.0,2380.0,2380.0,2380.0,2380.0,2380.0,2380.0,2380.0,2380.0,2380.0,2380.0,2380.0,2380.0,2380.0,2380.0,2380.0,2380.0,2380.0
2020-10-23,0.0,0.0,0.0,0.0,0.0,0.0,0.0,0.0,0.0,0.0,0.0,0.0,0.0,0.0,0.0,0.0,0.0,0.0,0.0,0.0,0.0,0.0,0.0,0.0,0.0,0.0,0.0,0.0,22.0,22.0,22.0,22.0,22.0,22.0,22.0,22.0,22.0,122.0,122.0,122.0,122.0,122.0,695.0,1394.0,1901.0,2918.0,3603.0,3976.0,4065.0,4255.0,5037.0,5880.0,5880.0,5880.0,5880.0,5880.0,6000.0,6000.0,6000.0,6000.0,6059.0,6059.0,6059.0,6106.0,6281.0,6281.0,6281.0,6403.0,6403.0,6403.0,6990.0,8133.0,8422.0,8984.0,8984.0,8984.0,9184.0,9184.0,9262.0,9328.0,9328.0,9355.0,9355.0,9355.0,9959.0,11127.0,12528.0,13288.0,15059.0,16014.0,16724.0,16835.0,16835.0,16854.0,16854.0,16854.0
2020-10-24,8.0,8.0,8.0,8.0,8.0,8.0,8.0,8.0,8.0,8.0,8.0,8.0,8.0,8.0,8.0,8.0,8.0,8.0,8.0,8.0,8.0,8.0,8.0,8.0,8.0,8.0,8.0,8.0,110.0,110.0,110.0,110.0,110.0,596.0,1776.0,2368.0,2432.0,2432.0,2711.0,2711.0,2729.0,2729.0,3200.0,3778.0,3778.0,3778.0,3778.0,3778.0,4075.0,4875.0,5141.0,5763.0,6957.0,6957.0,6957.0,6957.0,6957.0,6968.0,6968.0,6968.0,6968.0,8427.0,9852.0,10131.0,10131.0,10714.0,11411.0,12606.0,14126.0,15909.0,16296.0,16296.0,16296.0,16296.0,16296.0,16296.0,16636.0,16636.0,16636.0,16636.0,16636.0,16636.0,16636.0,16636.0,16636.0,16636.0,16636.0,16636.0,16636.0,16636.0,16636.0,16636.0,16636.0,16636.0,16636.0,16636.0
2020-10-25,0.0,0.0,0.0,25.0,25.0,25.0,25.0,25.0,25.0,25.0,25.0,25.0,25.0,25.0,25.0,25.0,25.0,25.0,25.0,25.0,25.0,25.0,25.0,25.0,25.0,25.0,25.0,25.0,32.0,32.0,32.0,32.0,32.0,32.0,32.0,114.0,619.0,1590.0,1925.0,1925.0,2199.0,2289.0,2610.0,2637.0,2637.0,2637.0,2637.0,2647.0,2647.0,2647.0,2657.0,2657.0,2657.0,2657.0,2657.0,2657.0,2974.0,3660.0,3785.0,4074.0,4092.0,4092.0,5244.0,6789.0,8579.0,10166.0,10166.0,10166.0,10166.0,10166.0,10166.0,10197.0,10197.0,10197.0,10197.0,10197.0,10197.0,10576.0,11099.0,11312.0,12360.0,13490.0,14017.0,14487.0,15369.0,15719.0,15719.0,15719.0,15719.0,15719.0,15719.0,15719.0,15719.0,15719.0,15719.0,15719.0
2020-10-26,0.0,0.0,0.0,0.0,0.0,0.0,0.0,0.0,0.0,0.0,0.0,0.0,0.0,0.0,0.0,0.0,0.0,0.0,0.0,0.0,0.0,0.0,0.0,0.0,0.0,0.0,0.0,50.0,58.0,58.0,58.0,58.0,58.0,58.0,139.0,154.0,264.0,264.0,264.0,1281.0,2126.0,2395.0,2395.0,2395.0,2733.0,2968.0,3080.0,3080.0,3080.0,3080.0,3080.0,3080.0,3080.0,3080.0,3246.0,3290.0,3290.0,3290.0,3290.0,3290.0,3290.0,3290.0,3397.0,3397.0,3397.0,3397.0,3397.0,3397.0,3397.0,3397.0,3483.0,3483.0,3483.0,3819.0,4004.0,4004.0,4004.0,4406.0,5265.0,5321.0,5321.0,5321.0,5321.0,5321.0,5321.0,5321.0,6105.0,6105.0,6140.0,7770.0,9533.0,10449.0,11330.0,12806.0,13040.0,13068.0
2020-10-27,0.0,0.0,0.0,0.0,0.0,0.0,0.0,0.0,0.0,0.0,0.0,0.0,0.0,0.0,0.0,0.0,0.0,0.0,0.0,0.0,0.0,0.0,0.0,0.0,0.0,0.0,0.0,0.0,54.0,54.0,65.0,65.0,65.0,65.0,65.0,78.0,78.0,202.0,202.0,202.0,202.0,508.0,508.0,508.0,818.0,856.0,1151.0,1151.0,1151.0,1151.0,1151.0,1310.0,1310.0,1310.0,1310.0,1322.0,1322.0,1356.0,1393.0,1393.0,1393.0,1474.0,1482.0,1482.0,1482.0,1500.0,1522.0,1606.0,1684.0,1804.0,1804.0,1884.0,2414.0,2493.0,2493.0,2493.0,2578.0,2615.0,2623.0,2623.0,2623.0,2634.0,2642.0,3681.0,4981.0,6216.0,7377.0,8296.0,10063.0,11469.0,11469.0,12700.0,14225.0,14849.0,14849.0,14849.0
2020-10-28,14.0,14.0,14.0,14.0,14.0,14.0,14.0,14.0,14.0,14.0,14.0,14.0,14.0,14.0,14.0,14.0,14.0,14.0,14.0,14.0,14.0,14.0,24.0,24.0,24.0,101.0,101.0,101.0,101.0,101.0,101.0,101.0,205.0,205.0,205.0,205.0,838.0,842.0,937.0,937.0,1316.0,2541.0,3014.0,3062.0,3665.0,4145.0,4145.0,4145.0,4779.0,5318.0,5393.0,5751.0,6562.0,6562.0,6690.0,6690.0,7277.0,7277.0,7277.0,7435.0,7435.0,7435.0,7435.0,7435.0,7435.0,7435.0,7435.0,7435.0,7443.0,7443.0,7443.0,7443.0,7443.0,7443.0,7443.0,7443.0,7443.0,7443.0,7443.0,7443.0,7443.0,7443.0,7443.0,7443.0,7443.0,8281.0,9005.0,9372.0,9372.0,9372.0,9372.0,9372.0,9372.0,9372.0,9372.0,9372.0
2020-10-29,0.0,11.0,11.0,11.0,11.0,11.0,11.0,11.0,11.0,11.0,11.0,11.0,11.0,11.0,11.0,11.0,11.0,11.0,11.0,11.0,11.0,11.0,11.0,11.0,11.0,11.0,75.0,112.0,131.0,131.0,131.0,131.0,131.0,131.0,131.0,217.0,323.0,323.0,323.0,986.0,1662.0,1752.0,2002.0,2002.0,2287.0,2513.0,2635.0,2635.0,2635.0,2635.0,2635.0,2635.0,2727.0,2727.0,2727.0,2777.0,2777.0,2973.0,2973.0,2973.0,3050.0,3050.0,3050.0,3133.0,3133.0,3212.0,3216.0,3216.0,3216.0,3357.0,3357.0,3357.0,3375.0,3833.0,3833.0,3833.0,3833.0,3901.0,4142.0,4142.0,4142.0,4142.0,4142.0,4142.0,4142.0,4142.0,4142.0,4142.0,5312.0,5525.0,7275.0,8561.0,8561.0,8748.0,9158.0,9158.0
2020-10-30,12.0,12.0,12.0,12.0,12.0,12.0,12.0,12.0,12.0,12.0,12.0,12.0,12.0,12.0,12.0,12.0,12.0,12.0,12.0,12.0,12.0,12.0,12.0,12.0,12.0,12.0,12.0,12.0,79.0,79.0,79.0,79.0,79.0,79.0,79.0,79.0,79.0,79.0,79.0,79.0,79.0,79.0,79.0,79.0,79.0,79.0,182.0,182.0,182.0,182.0,693.0,1400.0,1400.0,1906.0,3254.0,3306.0,3309.0,3858.0,4566.0,5664.0,5829.0,6041.0,6913.0,6913.0,6913.0,6913.0,6913.0,6981.0,7161.0,7161.0,7161.0,7161.0,7161.0,7897.0,9102.0,10019.0,11155.0,11506.0,11554.0,12153.0,12183.0,12183.0,12183.0,12183.0,12183.0,12183.0,12183.0,12183.0,12183.0,12183.0,12183.0,12183.0,12183.0,12183.0,12183.0,12183.0
2020-10-31,0.0,0.0,0.0,0.0,0.0,0.0,0.0,0.0,0.0,0.0,0.0,0.0,0.0,0.0,0.0,0.0,0.0,0.0,0.0,0.0,0.0,0.0,0.0,22.0,22.0,22.0,22.0,22.0,128.0,128.0,144.0,144.0,144.0,144.0,422.0,1153.0,1346.0,2274.0,2312.0,2312.0,2312.0,2312.0,2312.0,2312.0,2312.0,2518.0,3452.0,3452.0,3452.0,3698.0,5013.0,5907.0,5907.0,5907.0,5948.0,5979.0,5979.0,5995.0,6013.0,6045.0,6153.0,6153.0,6733.0,7396.0,7612.0,7612.0,7612.0,7612.0,8247.0,8626.0,8868.0,9196.0,9196.0,9196.0,9196.0,9196.0,9196.0,9392.0,10086.0,10157.0,10157.0,10157.0,10157.0,10157.0,10157.0,10170.0,10591.0,10591.0,11044.0,11044.0,11044.0,12043.0,13453.0,14005.0,14005.0,14005.0
2020-11-01,0.0,0.0,0.0,0.0,0.0,0.0,0.0,0.0,0.0,0.0,0.0,0.0,0.0,0.0,0.0,0.0,0.0,0.0,0.0,0.0,0.0,0.0,0.0,0.0,69.0,69.0,69.0,69.0,69.0,166.0,221.0,536.0,536.0,884.0,884.0,1150.0,1610.0,1610.0,1610.0,1610.0,1610.0,1610.0,1610.0,1610.0,1735.0,1735.0,1735.0,1735.0,2322.0,2322.0,2906.0,2988.0,2988.0,2988.0,2988.0,2988.0,3075.0,3075.0,3075.0,3140.0,3239.0,3239.0,3239.0,3239.0,3239.0,3239.0,3239.0,4005.0,4005.0,4380.0,4380.0,4475.0,4667.0,4742.0,5071.0,5071.0,5071.0,5071.0,5071.0,5071.0,5071.0,5071.0,5071.0,5071.0,5071.0,5071.0,5071.0,5071.0,5071.0,5071.0,6139.0,7909.0,9456.0,10169.0,10169.0,10169.0
2020-11-02,0.0,0.0,0.0,12.0,12.0,12.0,12.0,12.0,30.0,30.0,30.0,30.0,30.0,30.0,30.0,30.0,30.0,30.0,30.0,30.0,30.0,30.0,30.0,30.0,30.0,30.0,30.0,108.0,120.0,120.0,120.0,120.0,120.0,124.0,124.0,124.0,330.0,359.0,601.0,601.0,601.0,934.0,966.0,976.0,1277.0,1590.0,1644.0,1644.0,1644.0,1644.0,1832.0,2145.0,2145.0,2145.0,2145.0,2145.0,2145.0,3282.0,3840.0,3840.0,3840.0,3945.0,4122.0,4122.0,4122.0,4571.0,5364.0,5364.0,5364.0,5364.0,5364.0,5528.0,5528.0,5745.0,5745.0,5745.0,5745.0,5745.0,5745.0,5745.0,5745.0,5745.0,5745.0,6171.0,6516.0,6516.0,6633.0,7786.0,9330.0,10138.0,10138.0,10138.0,10138.0,10138.0,10138.0,10138.0
2020-11-03,0.0,0.0,0.0,0.0,0.0,0.0,0.0,0.0,0.0,0.0,0.0,0.0,0.0,0.0,0.0,0.0,0.0,0.0,0.0,0.0,0.0,0.0,0.0,0.0,0.0,0.0,0.0,14.0,14.0,14.0,14.0,14.0,89.0,277.0,386.0,386.0,386.0,697.0,697.0,697.0,697.0,697.0,697.0,864.0,864.0,1187.0,1501.0,1536.0,1536.0,1536.0,1536.0,1536.0,1536.0,1536.0,1627.0,1627.0,1627.0,1627.0,1708.0,1708.0,1871.0,2083.0,2343.0,2343.0,2486.0,2486.0,2486.0,2486.0,2486.0,2486.0,2486.0,3459.0,4345.0,4473.0,4473.0,4473.0,4473.0,4473.0,4546.0,4606.0,4606.0,4606.0,4754.0,5372.0,5388.0,5424.0,5424.0,5424.0,5424.0,5424.0,5424.0,5424.0,5424.0,5424.0,5424.0,5424.0
2020-11-04,0.0,0.0,0.0,0.0,0.0,0.0,0.0,0.0,0.0,0.0,0.0,0.0,0.0,0.0,0.0,0.0,0.0,0.0,0.0,0.0,0.0,0.0,0.0,0.0,0.0,0.0,0.0,0.0,36.0,57.0,57.0,76.0,76.0,76.0,76.0,76.0,103.0,103.0,112.0,206.0,206.0,206.0,206.0,499.0,872.0,933.0,933.0,1286.0,1286.0,1286.0,1286.0,1286.0,1286.0,1286.0,1286.0,1286.0,1450.0,1450.0,1450.0,1450.0,1450.0,1539.0,1539.0,1539.0,1634.0,1634.0,1634.0,1839.0,1839.0,1931.0,1952.0,1960.0,1960.0,2378.0,2631.0,2631.0,2631.0,3114.0,3726.0,3726.0,3726.0,4483.0,4561.0,4561.0,4561.0,5347.0,6067.0,6067.0,7152.0,8851.0,9796.0,10136.0,11140.0,11140.0,11140.0,11140.0
2020-11-05,0.0,0.0,0.0,0.0,0.0,0.0,0.0,0.0,0.0,0.0,0.0,0.0,0.0,0.0,0.0,0.0,0.0,0.0,0.0,0.0,0.0,0.0,0.0,0.0,0.0,0.0,0.0,0.0,63.0,63.0,63.0,63.0,67.0,67.0,315.0,315.0,430.0,430.0,438.0,820.0,820.0,820.0,820.0,916.0,1223.0,1550.0,1577.0,1577.0,1577.0,1577.0,1577.0,1577.0,1577.0,1634.0,1675.0,1675.0,1675.0,1675.0,1675.0,1675.0,1675.0,1675.0,1675.0,1675.0,1675.0,1675.0,1756.0,1756.0,1756.0,1756.0,1756.0,1756.0,1794.0,1988.0,1988.0,2430.0,2430.0,2430.0,2430.0,2560.0,2586.0,2586.0,2586.0,2586.0,2586.0,2586.0,2586.0,2586.0,2586.0,2586.0,2586.0,2586.0,2586.0,2586.0,2586.0,2586.0
2020-11-06,0.0,0.0,0.0,0.0,0.0,0.0,0.0,0.0,0.0,0.0,0.0,0.0,0.0,0.0,0.0,0.0,0.0,0.0,0.0,0.0,0.0,0.0,0.0,0.0,0.0,0.0,110.0,133.0,133.0,133.0,147.0,147.0,155.0,185.0,1003.0,1032.0,1782.0,1883.0,2448.0,2738.0,2799.0,2799.0,2813.0,2813.0,2813.0,2813.0,3089.0,3314.0,3314.0,3322.0,3330.0,3330.0,3349.0,3352.0,3352.0,3360.0,3844.0,5020.0,5984.0,5984.0,5984.0,5984.0,5984.0,5984.0,5984.0,6331.0,8023.0,9618.0,9670.0,9678.0,9678.0,9678.0,9678.0,9678.0,9678.0,9678.0,9678.0,9973.0,9973.0,9973.0,9973.0,9973.0,9973.0,9973.0,9973.0,9984.0,9984.0,9984.0,9984.0,9984.0,9984.0,9984.0,9984.0,9984.0,9984.0,9984.0
2020-11-07,6.0,6.0,6.0,6.0,6.0,6.0,6.0,6.0,6.0,6.0,6.0,6.0,6.0,6.0,6.0,6.0,6.0,6.0,6.0,6.0,6.0,6.0,6.0,6.0,69.0,101.0,101.0,101.0,195.0,501.0,578.0,632.0,632.0,632.0,697.0,697.0,1337.0,1337.0,1337.0,1337.0,1337.0,1337.0,1337.0,1337.0,1337.0,1337.0,1961.0,2305.0,3458.0,3761.0,4188.0,5151.0,5582.0,6647.0,6927.0,6927.0,6927.0,7239.0,8568.0,8676.0,9035.0,10141.0,11414.0,11822.0,12901.0,13082.0,13122.0,13506.0,13506.0,13829.0,13915.0,14040.0,14155.0,14155.0,14155.0,14155.0,14155.0,14155.0,15318.0,15343.0,15343.0,15417.0,15417.0,15510.0,15543.0,15543.0,15555.0,15555.0,15555.0,15555.0,15589.0,15589.0,15589.0,15589.0,15589.0,15589.0
2020-11-08,0.0,0.0,0.0,0.0,0.0,0.0,0.0,0.0,0.0,0.0,0.0,0.0,0.0,0.0,0.0,0.0,0.0,0.0,0.0,0.0,0.0,0.0,0.0,0.0,0.0,0.0,0.0,8.0,425.0,565.0,659.0,659.0,659.0,659.0,659.0,1011.0,1732.0,1765.0,1791.0,1832.0,1904.0,1928.0,1928.0,1928.0,2001.0,2134.0,2761.0,2761.0,3065.0,3510.0,3510.0,4327.0,4397.0,4397.0,4397.0,4422.0,4448.0,4572.0,4580.0,4684.0,4712.0,4778.0,5281.0,5969.0,6848.0,7694.0,8946.0,8946.0,8946.0,8946.0,8946.0,8946.0,8946.0,9169.0,9362.0,9492.0,9659.0,10049.0,10268.0,10268.0,10268.0,10268.0,10268.0,10268.0,10268.0,10268.0,10268.0,10268.0,10268.0,10268.0,10268.0,10308.0,10308.0,10308.0,10308.0,10308.0
2020-11-09,0.0,0.0,0.0,0.0,0.0,0.0,0.0,0.0,0.0,0.0,0.0,0.0,0.0,0.0,0.0,0.0,0.0,0.0,0.0,0.0,0.0,0.0,0.0,0.0,0.0,0.0,0.0,89.0,89.0,89.0,100.0,100.0,100.0,100.0,119.0,119.0,119.0,119.0,119.0,119.0,119.0,128.0,246.0,246.0,323.0,489.0,489.0,489.0,736.0,1203.0,1800.0,1984.0,1984.0,1984.0,1984.0,1984.0,1984.0,1984.0,1984.0,1984.0,1984.0,1984.0,1984.0,1984.0,1996.0,2200.0,3238.0,3263.0,3339.0,3454.0,3507.0,3535.0,4432.0,4651.0,4686.0,4716.0,4716.0,4716.0,4716.0,4716.0,4727.0,4727.0,4727.0,4727.0,4877.0,5669.0,5669.0,5669.0,5669.0,5669.0,5669.0,5988.0,6864.0,6864.0,6864.0,6864.0
2020-11-10,0.0,0.0,0.0,0.0,0.0,0.0,0.0,0.0,0.0,0.0,0.0,0.0,0.0,0.0,0.0,0.0,0.0,0.0,0.0,0.0,0.0,0.0,0.0,0.0,0.0,0.0,0.0,0.0,0.0,0.0,0.0,0.0,0.0,0.0,8.0,144.0,289.0,289.0,289.0,289.0,980.0,1092.0,1092.0,1092.0,1092.0,1092.0,1092.0,1092.0,1202.0,2471.0,2581.0,2581.0,2581.0,2581.0,3291.0,4061.0,4222.0,4222.0,4222.0,4222.0,4222.0,4222.0,4253.0,4253.0,4253.0,4443.0,4468.0,4468.0,4468.0,4468.0,4468.0,4551.0,5303.0,5303.0,5303.0,5303.0,5303.0,5329.0,5329.0,5343.0,5355.0,5355.0,5355.0,5470.0,5494.0,5494.0,5494.0,5494.0,5494.0,5494.0,5785.0,5987.0,5987.0,5987.0,5987.0,5987.0
2020-11-11,0.0,0.0,0.0,0.0,0.0,0.0,0.0,0.0,0.0,0.0,0.0,0.0,0.0,0.0,0.0,0.0,0.0,0.0,0.0,0.0,0.0,0.0,0.0,0.0,0.0,0.0,0.0,0.0,0.0,0.0,146.0,214.0,214.0,214.0,252.0,288.0,413.0,413.0,413.0,413.0,413.0,592.0,596.0,596.0,596.0,596.0,596.0,596.0,666.0,666.0,722.0,722.0,722.0,928.0,928.0,928.0,928.0,928.0,928.0,1138.0,1257.0,1257.0,1803.0,2550.0,2550.0,2550.0,2550.0,2659.0,2811.0,2811.0,2811.0,2811.0,2811.0,2811.0,2811.0,2811.0,2811.0,2811.0,2811.0,3475.0,4390.0,4390.0,4390.0,4390.0,4390.0,4588.0,4588.0,4588.0,4588.0,4588.0,4588.0,4588.0,4588.0,4661.0,5038.0,5128.0
2020-11-12,0.0,0.0,0.0,0.0,0.0,0.0,0.0,0.0,0.0,0.0,0.0,0.0,0.0,0.0,0.0,0.0,0.0,0.0,0.0,0.0,0.0,0.0,0.0,0.0,0.0,0.0,0.0,15.0,15.0,23.0,23.0,86.0,519.0,559.0,559.0,572.0,572.0,572.0,582.0,593.0,593.0,593.0,593.0,593.0,593.0,593.0,593.0,687.0,687.0,841.0,841.0,841.0,841.0,1745.0,1751.0,1751.0,1887.0,1887.0,1887.0,1887.0,1887.0,1887.0,1957.0,1967.0,1967.0,1967.0,1967.0,1967.0,1967.0,1967.0,1967.0,1967.0,1967.0,1975.0,2000.0,2000.0,2211.0,2683.0,3352.0,3837.0,3837.0,3837.0,3837.0,3837.0,3967.0,3967.0,3967.0,3967.0,3967.0,3967.0,3967.0,4444.0,4455.0,4455.0,5943.0,6501.0
2020-11-13,0.0,0.0,0.0,0.0,0.0,0.0,0.0,0.0,0.0,0.0,0.0,0.0,0.0,0.0,0.0,0.0,0.0,0.0,0.0,0.0,0.0,0.0,0.0,0.0,0.0,0.0,0.0,0.0,22.0,22.0,22.0,22.0,22.0,22.0,44.0,44.0,132.0,132.0,132.0,132.0,132.0,772.0,840.0,840.0,840.0,862.0,914.0,2299.0,2352.0,3021.0,4239.0,4367.0,4367.0,4367.0,4463.0,4463.0,4463.0,4463.0,4501.0,4501.0,4501.0,4501.0,4532.0,4649.0,4649.0,4789.0,4895.0,5509.0,5563.0,5563.0,5563.0,5563.0,5653.0,5694.0,5694.0,5986.0,6014.0,6014.0,6014.0,6014.0,6014.0,6014.0,6014.0,6014.0,6015.0,6015.0,6015.0,6026.0,7604.0,9348.0,10171.0,11910.0,13152.0,13152.0,13177.0,13177.0
2020-11-14,20.0,20.0,20.0,20.0,20.0,20.0,20.0,40.0,40.0,40.0,40.0,40.0,40.0,40.0,40.0,40.0,40.0,40.0,40.0,40.0,40.0,40.0,40.0,40.0,40.0,40.0,40.0,40.0,79.0,79.0,79.0,79.0,79.0,79.0,1116.0,1345.0,1715.0,2151.0,2176.0,2176.0,2267.0,2267.0,2267.0,3429.0,3593.0,3601.0,3601.0,3610.0,3701.0,3701.0,3830.0,3830.0,3830.0,4056.0,4922.0,5897.0,7417.0,7616.0,7616.0,8255.0,8709.0,8709.0,8709.0,8709.0,8709.0,8845.0,8845.0,8845.0,8845.0,8845.0,8883.0,8883.0,8904.0,8904.0,8904.0,8904.0,8904.0,8904.0,8904.0,8904.0,8904.0,8904.0,9315.0,10063.0,10063.0,10063.0,10063.0,10063.0,10063.0,10063.0,10063.0,10063.0,10063.0,10063.0,10063.0,10063.0
2020-11-15,0.0,0.0,0.0,0.0,0.0,0.0,0.0,0.0,20.0,20.0,20.0,20.0,20.0,20.0,20.0,20.0,20.0,20.0,20.0,20.0,20.0,20.0,20.0,20.0,20.0,20.0,20.0,20.0,20.0,29.0,29.0,29.0,29.0,135.0,135.0,135.0,135.0,135.0,541.0,1254.0,1273.0,1273.0,1273.0,1273.0,1273.0,1273.0,1739.0,2637.0,2637.0,2877.0,3397.0,3407.0,4362.0,4695.0,5033.0,5033.0,5063.0,5145.0,5893.0,6114.0,6811.0,7774.0,7774.0,7774.0,7774.0,7774.0,7774.0,7774.0,7774.0,8068.0,8258.0,8850.0,10151.0,10220.0,10220.0,10220.0,10220.0,10220.0,10220.0,10220.0,10220.0,10220.0,10220.0,10220.0,10220.0,10220.0,10220.0,10220.0,10220.0,10220.0,10220.0,10220.0,10220.0,10220.0,10220.0,10220.0
2020-11-16,0.0,0.0,0.0,0.0,0.0,0.0,0.0,0.0,0.0,0.0,0.0,0.0,0.0,0.0,0.0,0.0,0.0,0.0,0.0,0.0,0.0,0.0,0.0,0.0,0.0,18.0,56.0,56.0,56.0,56.0,56.0,56.0,56.0,588.0,1165.0,1815.0,2346.0,2356.0,2427.0,2452.0,2562.0,2562.0,2612.0,2868.0,3216.0,3462.0,3851.0,3968.0,3968.0,3968.0,3968.0,3968.0,3968.0,4014.0,4014.0,4014.0,4014.0,4014.0,4014.0,4014.0,4014.0,4014.0,4181.0,4181.0,4181.0,4181.0,4181.0,4259.0,4300.0,5006.0,5651.0,5651.0,5651.0,5651.0,6544.0,6738.0,6738.0,6738.0,6980.0,7099.0,7099.0,7099.0,7099.0,7099.0,7116.0,7116.0,7116.0,7116.0,7124.0,7124.0,7124.0,7124.0,7124.0,7124.0,7124.0,7124.0
2020-11-17,0.0,0.0,0.0,0.0,0.0,0.0,0.0,0.0,0.0,0.0,0.0,0.0,0.0,0.0,0.0,0.0,0.0,0.0,0.0,0.0,0.0,0.0,0.0,0.0,0.0,0.0,0.0,46.0,79.0,79.0,79.0,79.0,79.0,103.0,103.0,103.0,103.0,103.0,103.0,103.0,131.0,131.0,266.0,266.0,266.0,275.0,275.0,275.0,275.0,275.0,275.0,275.0,275.0,429.0,1267.0,1765.0,2512.0,3496.0,3972.0,4159.0,4159.0,4159.0,4159.0,4159.0,4159.0,4159.0,4159.0,4159.0,4159.0,4159.0,4176.0,4176.0,4176.0,4176.0,4176.0,4176.0,4176.0,4176.0,4176.0,4176.0,4333.0,4392.0,4392.0,4392.0,4392.0,4392.0,4392.0,6007.0,6187.0,6187.0,6187.0,6187.0,6187.0,6187.0,6187.0,6187.0
2020-11-18,0.0,0.0,0.0,0.0,0.0,0.0,0.0,0.0,0.0,0.0,0.0,0.0,0.0,0.0,0.0,0.0,0.0,0.0,0.0,0.0,0.0,0.0,0.0,0.0,18.0,78.0,78.0,78.0,98.0,98.0,421.0,421.0,429.0,429.0,429.0,429.0,439.0,439.0,439.0,439.0,439.0,439.0,439.0,460.0,460.0,460.0,460.0,460.0,460.0,460.0,460.0,460.0,480.0,480.0,480.0,480.0,480.0,480.0,480.0,480.0,480.0,480.0,480.0,480.0,480.0,480.0,480.0,480.0,480.0,480.0,480.0,480.0,480.0,480.0,480.0,480.0,480.0,480.0,480.0,480.0,480.0,480.0,480.0,480.0,480.0,480.0,480.0,480.0,480.0,480.0,480.0,480.0,480.0,480.0,480.0,480.0
2020-11-19,0.0,0.0,0.0,0.0,0.0,0.0,0.0,0.0,0.0,0.0,0.0,0.0,0.0,0.0,0.0,0.0,0.0,0.0,0.0,0.0,0.0,0.0,12.0,12.0,12.0,12.0,79.0,94.0,186.0,186.0,204.0,333.0,333.0,333.0,333.0,333.0,575.0,1116.0,1116.0,1116.0,1116.0,1116.0,1116.0,1116.0,1116.0,1116.0,1291.0,1808.0,2207.0,2265.0,2265.0,2297.0,2429.0,2429.0,2429.0,2429.0,2621.0,2621.0,2621.0,2621.0,2621.0,2621.0,2621.0,2621.0,2621.0,2621.0,2621.0,2717.0,2717.0,2947.0,3765.0,3765.0,3894.0,3950.0,3950.0,4100.0,4598.0,4598.0,4598.0,4598.0,4598.0,4687.0,4687.0,4831.0,5955.0,6044.0,6044.0,6063.0,6063.0,6063.0,6063.0,6063.0,6063.0,6063.0,6063.0,6063.0
2020-11-20,0.0,0.0,8.0,8.0,8.0,8.0,8.0,8.0,8.0,8.0,8.0,8.0,8.0,8.0,8.0,8.0,8.0,8.0,8.0,8.0,8.0,8.0,8.0,8.0,47.0,145.0,145.0,145.0,145.0,145.0,145.0,145.0,145.0,236.0,236.0,486.0,486.0,549.0,1040.0,1040.0,1040.0,1156.0,1156.0,1156.0,1156.0,1277.0,1338.0,1338.0,1825.0,2164.0,2462.0,2462.0,2462.0,2462.0,2462.0,2678.0,2695.0,2713.0,2976.0,3198.0,3214.0,3550.0,4121.0,4121.0,4121.0,4121.0,4121.0,4605.0,5965.0,6269.0,6269.0,6271.0,6271.0,6271.0,6271.0,6271.0,6271.0,6452.0,6621.0,6621.0,6621.0,6621.0,6621.0,7528.0,8669.0,9048.0,9296.0,9296.0,9296.0,9296.0,9296.0,9296.0,9296.0,9296.0,9296.0,9296.0
2020-11-21,0.0,0.0,0.0,0.0,0.0,0.0,0.0,0.0,0.0,0.0,0.0,0.0,0.0,0.0,0.0,0.0,0.0,0.0,0.0,0.0,0.0,0.0,0.0,0.0,0.0,81.0,81.0,81.0,103.0,103.0,103.0,192.0,549.0,549.0,549.0,854.0,1297.0,2182.0,2182.0,2182.0,2182.0,2182.0,2182.0,2182.0,2182.0,2215.0,2257.0,2257.0,2257.0,2878.0,2878.0,3493.0,3582.0,3582.0,3582.0,3582.0,3582.0,3582.0,3582.0,3582.0,3582.0,3648.0,3648.0,3648.0,3648.0,4581.0,5176.0,5200.0,5879.0,6381.0,6422.0,7029.0,7503.0,7798.0,7852.0,7852.0,8233.0,8233.0,8345.0,8345.0,8396.0,9732.0,10390.0,10390.0,10390.0,10390.0,10390.0,10390.0,10390.0,10390.0,10390.0,10390.0,10390.0,10390.0,10390.0,10390.0
2020-11-22,0.0,0.0,0.0,0.0,0.0,0.0,0.0,0.0,0.0,0.0,0.0,0.0,0.0,0.0,0.0,0.0,0.0,0.0,0.0,0.0,0.0,0.0,0.0,0.0,0.0,92.0,106.0,106.0,106.0,121.0,218.0,514.0,585.0,585.0,992.0,1296.0,2306.0,2561.0,2561.0,2650.0,2650.0,2650.0,2650.0,2650.0,2650.0,2650.0,2699.0,2799.0,2799.0,2799.0,2799.0,3041.0,3080.0,3098.0,3161.0,3161.0,3230.0,3230.0,3230.0,3230.0,3230.0,4157.0,4796.0,5094.0,6151.0,6151.0,6255.0,6962.0,6962.0,6970.0,6970.0,7188.0,8071.0,8071.0,8381.0,8381.0,8381.0,8759.0,8845.0,8907.0,8907.0,8927.0,9226.0,10268.0,10986.0,11149.0,11149.0,11149.0,11149.0,11149.0,11149.0,11149.0,11149.0,11149.0,11149.0,11149.0
2020-11-23,0.0,0.0,0.0,0.0,0.0,0.0,0.0,0.0,0.0,0.0,0.0,0.0,0.0,0.0,0.0,0.0,0.0,0.0,0.0,0.0,0.0,0.0,0.0,0.0,0.0,0.0,0.0,72.0,93.0,93.0,93.0,93.0,408.0,486.0,486.0,486.0,486.0,486.0,486.0,486.0,486.0,578.0,578.0,698.0,698.0,798.0,1010.0,1493.0,1853.0,1853.0,1853.0,1853.0,1853.0,1853.0,1853.0,1853.0,1853.0,1853.0,1853.0,1945.0,1952.0,1952.0,1952.0,1952.0,1952.0,1952.0,1952.0,2080.0,2080.0,2096.0,2138.0,2206.0,2206.0,2268.0,2600.0,2600.0,2600.0,2600.0,2751.0,2751.0,2751.0,2751.0,2751.0,2751.0,2751.0,3020.0,4455.0,5692.0,5861.0,6022.0,6645.0,6834.0,6834.0,6834.0,6834.0,6834.0
2020-11-24,0.0,0.0,0.0,0.0,0.0,0.0,0.0,0.0,0.0,0.0,0.0,0.0,0.0,0.0,0.0,0.0,0.0,0.0,0.0,0.0,0.0,0.0,0.0,0.0,0.0,0.0,0.0,0.0,90.0,90.0,90.0,90.0,476.0,660.0,660.0,683.0,683.0,695.0,695.0,703.0,945.0,945.0,945.0,945.0,945.0,945.0,1096.0,1606.0,1626.0,1626.0,1648.0,1727.0,1862.0,1862.0,1862.0,2185.0,2185.0,2185.0,2274.0,2299.0,2379.0,2390.0,2390.0,2390.0,2470.0,2470.0,2470.0,2470.0,2470.0,2662.0,2662.0,2662.0,2662.0,3143.0,3418.0,3418.0,3418.0,3418.0,3902.0,4613.0,4630.0,4630.0,4630.0,4630.0,4630.0,4630.0,4630.0,4630.0,4630.0,4630.0,4630.0,4630.0,4630.0,4630.0,4630.0,4630.0
2020-11-25,0.0,9.0,9.0,9.0,9.0,9.0,9.0,9.0,9.0,9.0,9.0,9.0,9.0,9.0,9.0,9.0,9.0,9.0,9.0,9.0,9.0,9.0,9.0,9.0,9.0,9.0,9.0,9.0,98.0,138.0,138.0,138.0,620.0,922.0,922.0,922.0,922.0,928.0,928.0,1026.0,1026.0,1026.0,1166.0,1439.0,1737.0,2086.0,2086.0,2086.0,2086.0,2086.0,2086.0,2086.0,2086.0,2086.0,2166.0,2166.0,2166.0,2166.0,2166.0,2166.0,2166.0,2166.0,2166.0,2166.0,2249.0,2265.0,2265.0,2265.0,2265.0,2320.0,2814.0,2814.0,2814.0,2814.0,2814.0,2916.0,2916.0,2916.0,2916.0,3313.0,3313.0,3313.0,3313.0,3663.0,3713.0,4475.0,4539.0,4741.0,4982.0,5017.0,5666.0,6558.0,6558.0,6672.0,6672.0,6672.0
2020-11-26,0.0,0.0,0.0,0.0,0.0,0.0,0.0,0.0,0.0,0.0,0.0,0.0,0.0,0.0,0.0,0.0,0.0,0.0,0.0,0.0,0.0,0.0,0.0,18.0,18.0,18.0,18.0,18.0,32.0,62.0,62.0,62.0,62.0,62.0,86.0,119.0,119.0,119.0,119.0,818.0,2049.0,2422.0,2770.0,2994.0,3070.0,3650.0,3860.0,3860.0,3860.0,3860.0,3950.0,4021.0,4082.0,4082.0,4082.0,4082.0,4152.0,4338.0,5101.0,5187.0,5218.0,5218.0,5218.0,5218.0,5218.0,5218.0,5218.0,5218.0,5245.0,5264.0,5265.0,5903.0,5903.0,5903.0,5903.0,5903.0,5903.0,5903.0,5903.0,6009.0,6009.0,6009.0,6009.0,6009.0,6009.0,6009.0,6021.0,6021.0,6021.0,6021.0,6021.0,6021.0,6021.0,6021.0,6021.0,6021.0
2020-11-27,0.0,0.0,0.0,0.0,0.0,0.0,0.0,0.0,0.0,0.0,0.0,0.0,0.0,0.0,0.0,15.0,15.0,15.0,15.0,15.0,15.0,15.0,15.0,15.0,15.0,15.0,15.0,57.0,70.0,70.0,79.0,79.0,579.0,645.0,680.0,680.0,680.0,680.0,680.0,680.0,680.0,776.0,776.0,776.0,776.0,853.0,1148.0,1552.0,1843.0,1905.0,1905.0,1905.0,1905.0,1905.0,1905.0,1905.0,1905.0,1905.0,1905.0,1905.0,1905.0,1905.0,1983.0,1983.0,1983.0,2057.0,2057.0,2057.0,2170.0,2170.0,2403.0,2403.0,2403.0,2578.0,2578.0,2578.0,2578.0,2818.0,3170.0,3170.0,3170.0,3295.0,3312.0,3312.0,3345.0,3345.0,3345.0,3345.0,3345.0,3345.0,3816.0,3816.0,3816.0,3816.0,3816.0,3816.0
2020-11-28,30.0,30.0,30.0,30.0,30.0,30.0,30.0,30.0,30.0,30.0,30.0,30.0,30.0,30.0,30.0,30.0,30.0,30.0,30.0,30.0,30.0,30.0,30.0,30.0,30.0,156.0,235.0,262.0,262.0,274.0,274.0,328.0,374.0,412.0,427.0,464.0,464.0,464.0,1585.0,1698.0,1698.0,1698.0,1720.0,1734.0,1775.0,1806.0,1824.0,1824.0,1995.0,3625.0,4995.0,4995.0,4995.0,4995.0,4995.0,5114.0,5606.0,5667.0,5667.0,5667.0,5667.0,5757.0,5757.0,5893.0,6035.0,6221.0,6285.0,6312.0,6389.0,6480.0,6480.0,7161.0,7878.0,7889.0,7889.0,7889.0,7889.0,7889.0,7905.0,7905.0,7905.0,7905.0,7905.0,7905.0,7905.0,7905.0,7905.0,7905.0,7905.0,7905.0,7905.0,7905.0,7905.0,7905.0,7905.0,7905.0
2020-11-29,0.0,0.0,0.0,0.0,4.0,4.0,4.0,4.0,4.0,4.0,4.0,4.0,4.0,4.0,4.0,4.0,4.0,4.0,4.0,4.0,4.0,4.0,4.0,4.0,4.0,4.0,4.0,4.0,13.0,13.0,13.0,13.0,13.0,13.0,13.0,13.0,13.0,13.0,13.0,22.0,22.0,123.0,123.0,246.0,246.0,246.0,246.0,1154.0,2006.0,2421.0,3179.0,3179.0,3239.0,3239.0,3239.0,3239.0,3239.0,3255.0,3990.0,3991.0,4041.0,5061.0,5442.0,6072.0,6072.0,6072.0,6072.0,6072.0,6107.0,6387.0,7243.0,8414.0,8438.0,8712.0,8723.0,9665.0,10725.0,10820.0,10820.0,10820.0,10820.0,10820.0,10820.0,11062.0,11269.0,11280.0,11280.0,11280.0,11280.0,11280.0,11280.0,11280.0,11280.0,11280.0,11280.0,11280.0
2020-11-30,0.0,0.0,0.0,0.0,0.0,0.0,0.0,0.0,0.0,0.0,0.0,0.0,0.0,0.0,0.0,0.0,0.0,0.0,12.0,12.0,12.0,12.0,12.0,12.0,12.0,12.0,12.0,12.0,43.0,43.0,43.0,43.0,43.0,43.0,43.0,1246.0,1246.0,1246.0,1355.0,1355.0,1355.0,1355.0,1688.0,1688.0,1960.0,2312.0,2325.0,2325.0,2325.0,2325.0,2325.0,2325.0,2325.0,2325.0,2325.0,2325.0,2325.0,2325.0,2325.0,2325.0,2669.0,2669.0,2669.0,2669.0,2669.0,2669.0,2669.0,2669.0,2787.0,2787.0,2787.0,2979.0,3447.0,3447.0,3447.0,3447.0,3447.0,3573.0,3573.0,3573.0,3573.0,3595.0,3595.0,3619.0,3619.0,3646.0,3646.0,3646.0,3646.0,3646.0,3646.0,3646.0,4996.0,4996.0,4996.0,4996.0
2020-12-01,0.0,0.0,0.0,0.0,0.0,0.0,0.0,0.0,0.0,0.0,0.0,0.0,0.0,0.0,0.0,0.0,0.0,0.0,0.0,0.0,0.0,0.0,0.0,6.0,6.0,6.0,6.0,6.0,6.0,24.0,89.0,89.0,89.0,173.0,442.0,442.0,511.0,677.0,1704.0,1765.0,1765.0,1765.0,1765.0,1765.0,1765.0,1968.0,1968.0,2132.0,2132.0,2132.0,2151.0,2162.0,2203.0,2238.0,2612.0,2612.0,2612.0,2703.0,2954.0,4244.0,4244.0,5365.0,6091.0,6109.0,6109.0,6109.0,6109.0,6283.0,6666.0,8033.0,8033.0,8033.0,8212.0,8212.0,8526.0,8655.0,8666.0,8703.0,8750.0,9088.0,9088.0,9088.0,9088.0,9088.0,9121.0,9121.0,9121.0,9129.0,9129.0,9129.0,9129.0,9129.0,9129.0,9129.0,9129.0,9129.0
2020-12-02,0.0,0.0,0.0,0.0,0.0,0.0,0.0,0.0,0.0,0.0,0.0,0.0,0.0,21.0,21.0,21.0,21.0,21.0,21.0,21.0,21.0,21.0,21.0,21.0,21.0,21.0,21.0,21.0,100.0,100.0,100.0,100.0,100.0,100.0,118.0,237.0,237.0,377.0,377.0,377.0,739.0,739.0,739.0,739.0,1041.0,1101.0,1406.0,1406.0,1406.0,1406.0,1406.0,1556.0,1556.0,1556.0,1556.0,1556.0,1556.0,1556.0,1556.0,1634.0,1634.0,1706.0,1706.0,1706.0,1785.0,1785.0,1785.0,1785.0,1785.0,1785.0,1785.0,1785.0,1785.0,1872.0,1872.0,1872.0,2010.0,2310.0,2310.0,2310.0,2310.0,2442.0,3036.0,3664.0,3664.0,3664.0,3664.0,3664.0,4508.0,4647.0,5338.0,6139.0,6155.0,6155.0,6155.0,6155.0
2020-12-03,0.0,0.0,0.0,0.0,0.0,0.0,0.0,0.0,0.0,0.0,0.0,0.0,0.0,0.0,0.0,0.0,0.0,0.0,0.0,0.0,0.0,0.0,0.0,0.0,0.0,0.0,0.0,0.0,89.0,89.0,89.0,89.0,89.0,89.0,89.0,165.0,223.0,751.0,751.0,804.0,804.0,1411.0,2517.0,2605.0,2605.0,2605.0,2985.0,3393.0,3477.0,3497.0,3535.0,3572.0,3623.0,3663.0,3663.0,3663.0,3663.0,3663.0,3663.0,3738.0,3903.0,3903.0,3903.0,3903.0,3903.0,3981.0,3981.0,3981.0,3981.0,4899.0,5699.0,5717.0,5777.0,5840.0,5840.0,6473.0,6628.0,7706.0,7706.0,7718.0,7718.0,7718.0,7753.0,7753.0,7753.0,7753.0,7753.0,7753.0,7753.0,7753.0,7753.0,7753.0,7780.0,7780.0,7780.0,7780.0
2020-12-04,0.0,0.0,0.0,0.0,0.0,0.0,0.0,0.0,0.0,0.0,0.0,0.0,0.0,0.0,0.0,0.0,0.0,0.0,0.0,0.0,0.0,0.0,0.0,0.0,0.0,0.0,0.0,0.0,37.0,79.0,79.0,79.0,79.0,79.0,225.0,662.0,662.0,662.0,673.0,673.0,1762.0,1803.0,1803.0,1803.0,1803.0,1803.0,1803.0,1803.0,1858.0,1867.0,1867.0,1867.0,2582.0,2961.0,2961.0,2961.0,2961.0,3050.0,3050.0,3050.0,3050.0,3373.0,3373.0,3373.0,3373.0,3373.0,3446.0,3446.0,3461.0,3461.0,3676.0,3676.0,4048.0,4048.0,4048.0,4048.0,4668.0,5319.0,5319.0,5319.0,5319.0,5319.0,5319.0,5319.0,5319.0,5319.0,5319.0,5319.0,5319.0,5319.0,5319.0,5319.0,5319.0,5319.0,5319.0,5319.0
2020-12-05,0.0,0.0,0.0,0.0,0.0,0.0,0.0,0.0,0.0,0.0,0.0,0.0,0.0,0.0,0.0,19.0,19.0,19.0,19.0,19.0,19.0,19.0,19.0,19.0,19.0,19.0,19.0,19.0,55.0,108.0,108.0,108.0,108.0,108.0,108.0,108.0,108.0,108.0,108.0,108.0,108.0,108.0,108.0,108.0,108.0,108.0,108.0,108.0,225.0,225.0,225.0,225.0,225.0,225.0,651.0,1293.0,1307.0,1331.0,1350.0,1366.0,1366.0,1366.0,1366.0,1410.0,1439.0,1945.0,2894.0,3288.0,4117.0,4675.0,5525.0,6415.0,7608.0,8665.0,9401.0,9401.0,9409.0,9409.0,9409.0,9409.0,9409.0,9712.0,10235.0,10422.0,10434.0,10445.0,10445.0,10445.0,10445.0,10445.0,10445.0,10445.0,10445.0,10445.0,10445.0,10445.0
2020-12-06,0.0,0.0,0.0,0.0,0.0,0.0,0.0,0.0,0.0,0.0,0.0,0.0,0.0,0.0,0.0,0.0,0.0,0.0,0.0,0.0,0.0,0.0,0.0,0.0,0.0,0.0,0.0,0.0,0.0,88.0,88.0,88.0,88.0,88.0,146.0,146.0,146.0,146.0,146.0,146.0,146.0,174.0,174.0,174.0,174.0,174.0,174.0,174.0,174.0,174.0,174.0,212.0,212.0,212.0,212.0,212.0,212.0,212.0,233.0,233.0,233.0,233.0,233.0,233.0,233.0,233.0,233.0,233.0,233.0,233.0,233.0,233.0,280.0,280.0,280.0,280.0,280.0,619.0,654.0,654.0,662.0,737.0,755.0,798.0,866.0,2615.0,4028.0,4028.0,4028.0,4028.0,4028.0,4028.0,4028.0,4028.0,4028.0,4028.0
2020-12-07,0.0,0.0,0.0,0.0,0.0,0.0,0.0,0.0,0.0,0.0,0.0,0.0,0.0,0.0,0.0,0.0,0.0,0.0,0.0,0.0,0.0,0.0,0.0,0.0,0.0,0.0,0.0,0.0,0.0,67.0,67.0,67.0,67.0,67.0,67.0,67.0,67.0,83.0,195.0,336.0,336.0,336.0,531.0,650.0,946.0,946.0,1289.0,1289.0,1289.0,1367.0,1367.0,1367.0,1367.0,1367.0,1367.0,1367.0,1367.0,1367.0,1367.0,1453.0,1719.0,1769.0,1777.0,1859.0,1859.0,1859.0,1859.0,1859.0,1867.0,1964.0,1964.0,2039.0,2272.0,2559.0,2559.0,2559.0,2626.0,3781.0,3781.0,3781.0,3781.0,3856.0,4685.0,4685.0,4685.0,4685.0,4695.0,6396.0,6738.0,6738.0,6738.0,6738.0,6738.0,6738.0,6738.0,6738.0
2020-12-08,0.0,0.0,0.0,0.0,0.0,0.0,0.0,0.0,0.0,0.0,0.0,0.0,0.0,0.0,0.0,0.0,0.0,0.0,0.0,0.0,0.0,0.0,0.0,1.0,1.0,1.0,1.0,1.0,51.0,119.0,119.0,119.0,119.0,119.0,208.0,208.0,265.0,265.0,265.0,265.0,543.0,1373.0,1864.0,1864.0,1864.0,1864.0,1864.0,1864.0,1864.0,1864.0,1899.0,2792.0,2792.0,3068.0,3082.0,3082.0,3082.0,3107.0,3107.0,3107.0,3107.0,3107.0,3107.0,3107.0,3285.0,3477.0,3477.0,3477.0,3567.0,3567.0,4204.0,4204.0,4204.0,4204.0,4204.0,4204.0,4204.0,4287.0,5443.0,5466.0,5466.0,5466.0,6229.0,6245.0,6245.0,6245.0,6324.0,6676.0,6884.0,6965.0,6965.0,6973.0,6973.0,8329.0,9097.0,9097.0
2020-12-09,0.0,0.0,0.0,0.0,0.0,0.0,0.0,0.0,0.0,0.0,0.0,0.0,0.0,0.0,0.0,0.0,0.0,0.0,0.0,0.0,0.0,0.0,0.0,0.0,0.0,44.0,127.0,127.0,127.0,127.0,127.0,225.0,446.0,766.0,766.0,846.0,846.0,1469.0,2614.0,2652.0,2652.0,2652.0,2652.0,2652.0,2694.0,2725.0,2725.0,2725.0,2725.0,2725.0,2725.0,2890.0,2890.0,3295.0,3399.0,3399.0,3399.0,3399.0,3399.0,3440.0,3477.0,3477.0,3477.0,3477.0,3477.0,3673.0,5064.0,5300.0,5337.0,5495.0,5495.0,5953.0,5954.0,6329.0,7170.0,7170.0,7170.0,7170.0,7185.0,7185.0,7185.0,7185.0,7185.0,7185.0,7185.0,7185.0,7406.0,9184.0,9507.0,9808.0,9856.0,9856.0,9856.0,9856.0,9856.0,9856.0
2020-12-10,0.0,0.0,0.0,0.0,0.0,0.0,0.0,0.0,0.0,0.0,0.0,0.0,0.0,0.0,0.0,0.0,0.0,0.0,0.0,0.0,0.0,0.0,0.0,0.0,0.0,0.0,0.0,0.0,0.0,0.0,77.0,77.0,77.0,77.0,77.0,133.0,222.0,735.0,807.0,853.0,853.0,853.0,2052.0,2558.0,2639.0,3542.0,3542.0,3641.0,3641.0,3641.0,3659.0,3884.0,3893.0,3893.0,3893.0,3893.0,3893.0,4009.0,4009.0,4190.0,4190.0,4190.0,4190.0,4190.0,4190.0,4190.0,4654.0,6127.0,6138.0,6138.0,6275.0,6275.0,6923.0,6923.0,7034.0,7034.0,7048.0,7048.0,7048.0,7081.0,7081.0,7081.0,7081.0,7081.0,7081.0,7186.0,8952.0,9667.0,9667.0,9714.0,10084.0,10112.0,10112.0,10112.0,10112.0,10112.0
2020-12-11,0.0,0.0,0.0,0.0,0.0,0.0,0.0,0.0,0.0,0.0,0.0,0.0,0.0,0.0,0.0,0.0,0.0,0.0,0.0,0.0,0.0,0.0,4.0,156.0,314.0,346.0,377.0,447.0,517.0,517.0,517.0,517.0,517.0,517.0,549.0,549.0,549.0,558.0,558.0,558.0,558.0,582.0,582.0,582.0,582.0,582.0,615.0,707.0,728.0,728.0,822.0,822.0,822.0,822.0,1425.0,2795.0,2935.0,2935.0,2935.0,2991.0,3947.0,4454.0,4454.0,4454.0,4454.0,4454.0,4897.0,5614.0,5614.0,5627.0,5627.0,5627.0,5627.0,5627.0,5627.0,5627.0,5627.0,5627.0,5627.0,5813.0,5896.0,5896.0,5896.0,5918.0,5918.0,5954.0,5954.0,5954.0,6722.0,8405.0,8405.0,8405.0,8405.0,8405.0,8405.0,8405.0
2020-12-12,0.0,0.0,0.0,0.0,0.0,0.0,0.0,0.0,0.0,0.0,0.0,0.0,0.0,0.0,0.0,0.0,0.0,0.0,0.0,0.0,0.0,20.0,20.0,20.0,20.0,20.0,20.0,20.0,103.0,103.0,103.0,103.0,103.0,103.0,103.0,103.0,103.0,103.0,103.0,235.0,754.0,1097.0,1265.0,1316.0,1316.0,1316.0,1316.0,2966.0,3093.0,3093.0,3093.0,3093.0,3093.0,3093.0,3093.0,3093.0,3093.0,3093.0,3101.0,3121.0,3129.0,3455.0,3473.0,4047.0,4667.0,4667.0,4667.0,4667.0,4667.0,4667.0,4667.0,4667.0,4667.0,4667.0,4667.0,4683.0,4683.0,4714.0,4725.0,4735.0,4735.0,4735.0,4735.0,4735.0,4735.0,4735.0,4735.0,4735.0,4759.0,4759.0,4792.0,6543.0,6766.0,6766.0,6766.0,6766.0
2020-12-13,0.0,0.0,0.0,0.0,0.0,0.0,0.0,0.0,0.0,0.0,0.0,0.0,0.0,0.0,0.0,0.0,0.0,0.0,0.0,0.0,0.0,0.0,0.0,0.0,0.0,16.0,76.0,145.0,154.0,154.0,154.0,154.0,154.0,154.0,216.0,216.0,216.0,216.0,216.0,229.0,229.0,229.0,229.0,229.0,229.0,229.0,229.0,229.0,229.0,707.0,1934.0,2020.0,2078.0,2378.0,2378.0,2417.0,2768.0,3242.0,3918.0,3926.0,4682.0,5067.0,5368.0,5495.0,5495.0,5935.0,5965.0,6097.0,6106.0,6106.0,6106.0,6106.0,6106.0,6106.0,6106.0,6106.0,6106.0,6106.0,6115.0,6115.0,6115.0,6115.0,6115.0,6115.0,6115.0,6115.0,6115.0,6115.0,6138.0,6138.0,6138.0,6138.0,6138.0,6138.0,6807.0,7297.0
2020-12-14,0.0,2.0,2.0,2.0,2.0,2.0,2.0,2.0,2.0,2.0,2.0,2.0,2.0,2.0,2.0,2.0,2.0,2.0,2.0,2.0,2.0,2.0,2.0,2.0,2.0,2.0,2.0,2.0,2.0,49.0,49.0,49.0,49.0,66.0,66.0,82.0,411.0,1929.0,1973.0,2067.0,2190.0,2190.0,2269.0,2484.0,2820.0,3126.0,3161.0,3161.0,3161.0,3161.0,3241.0,3241.0,3241.0,3241.0,3359.0,3393.0,3474.0,3474.0,3474.0,3474.0,3474.0,3474.0,3474.0,3474.0,3474.0,3474.0,3474.0,3570.0,3746.0,3746.0,3825.0,3825.0,3941.0,4293.0,4293.0,4293.0,4293.0,4886.0,5451.0,5451.0,5486.0,5486.0,5486.0,5486.0,5486.0,5486.0,5486.0,5505.0,7273.0,7580.0,7580.0,7580.0,7580.0,7580.0,7580.0,7580.0
2020-12-15,0.0,0.0,0.0,0.0,0.0,0.0,0.0,0.0,0.0,0.0,0.0,0.0,0.0,0.0,0.0,0.0,0.0,0.0,0.0,0.0,0.0,0.0,0.0,0.0,0.0,0.0,0.0,0.0,70.0,70.0,70.0,70.0,70.0,70.0,70.0,273.0,1165.0,1165.0,1257.0,1312.0,2844.0,2971.0,2971.0,3053.0,3053.0,3327.0,4434.0,4938.0,5023.0,5023.0,5023.0,5126.0,5276.0,6531.0,6531.0,6531.0,6531.0,6531.0,6531.0,6531.0,6591.0,6642.0,6642.0,6642.0,6642.0,7558.0,8432.0,8432.0,8519.0,8531.0,8738.0,10197.0,10395.0,10395.0,10395.0,10395.0,10395.0,10395.0,10395.0,10395.0,10395.0,10395.0,10395.0,10395.0,10430.0,10430.0,10430.0,11013.0,11753.0,11790.0,11790.0,11790.0,11790.0,11790.0,11790.0,11790.0
2020-12-16,0.0,0.0,0.0,0.0,0.0,0.0,0.0,0.0,0.0,0.0,0.0,0.0,0.0,0.0,0.0,0.0,0.0,0.0,0.0,0.0,0.0,0.0,0.0,0.0,0.0,62.0,115.0,176.0,214.0,273.0,283.0,283.0,283.0,283.0,283.0,323.0,420.0,420.0,420.0,420.0,741.0,741.0,741.0,1797.0,2492.0,2592.0,3078.0,3078.0,3078.0,3078.0,3078.0,3078.0,3078.0,3078.0,3078.0,3078.0,3078.0,3078.0,3129.0,3129.0,3387.0,3387.0,3387.0,3475.0,3597.0,5058.0,5317.0,5317.0,5409.0,5720.0,5720.0,5720.0,5720.0,5840.0,5849.0,6152.0,6152.0,6190.0,7573.0,7662.0,7662.0,7662.0,7662.0,7662.0,7662.0,7689.0,7689.0,7689.0,7689.0,7689.0,7689.0,7689.0,7689.0,7689.0,7689.0,7689.0
2020-12-17,0.0,8.0,8.0,8.0,8.0,8.0,8.0,8.0,8.0,8.0,8.0,8.0,8.0,8.0,8.0,8.0,8.0,8.0,8.0,8.0,8.0,8.0,8.0,8.0,8.0,89.0,231.0,366.0,493.0,493.0,493.0,493.0,542.0,542.0,542.0,542.0,542.0,542.0,542.0,542.0,542.0,542.0,542.0,542.0,542.0,542.0,573.0,573.0,573.0,573.0,612.0,846.0,846.0,919.0,919.0,919.0,919.0,1555.0,1638.0,1744.0,1744.0,1744.0,1744.0,1744.0,1744.0,1744.0,1744.0,1744.0,1782.0,2595.0,2595.0,2595.0,2595.0,2595.0,2595.0,2595.0,2595.0,2595.0,2678.0,2678.0,2678.0,2678.0,2678.0,2678.0,2678.0,2678.0,2678.0,2678.0,2678.0,2678.0,2678.0,2678.0,2690.0,2690.0,2690.0,2690.0
2020-12-18,0.0,0.0,0.0,0.0,0.0,0.0,0.0,0.0,0.0,0.0,0.0,0.0,0.0,0.0,0.0,0.0,0.0,0.0,0.0,0.0,0.0,0.0,0.0,0.0,0.0,0.0,0.0,0.0,17.0,17.0,17.0,17.0,17.0,17.0,39.0,39.0,39.0,63.0,72.0,1214.0,1606.0,1700.0,1700.0,1700.0,1943.0,2095.0,2797.0,2818.0,2818.0,2818.0,2818.0,2818.0,2818.0,2818.0,2818.0,2818.0,2931.0,2931.0,2931.0,2956.0,2956.0,2956.0,3120.0,3120.0,3120.0,3120.0,3214.0,3214.0,3214.0,3304.0,3345.0,3345.0,3345.0,3489.0,3886.0,3886.0,3886.0,3906.0,4944.0,5256.0,5256.0,5256.0,5256.0,5256.0,5256.0,5256.0,5256.0,5276.0,5279.0,5306.0,5306.0,5328.0,5343.0,5343.0,5343.0,5343.0
2020-12-19,0.0,0.0,0.0,0.0,0.0,0.0,0.0,0.0,0.0,0.0,0.0,0.0,0.0,0.0,0.0,0.0,0.0,0.0,0.0,0.0,0.0,0.0,0.0,0.0,0.0,0.0,34.0,52.0,90.0,159.0,169.0,169.0,169.0,193.0,193.0,193.0,744.0,1448.0,1473.0,1473.0,1473.0,1473.0,1473.0,1473.0,1481.0,1497.0,1497.0,1504.0,1513.0,1532.0,1532.0,1532.0,1532.0,1542.0,1542.0,1542.0,1656.0,1656.0,1656.0,1656.0,1970.0,2038.0,2038.0,2038.0,2038.0,2080.0,2080.0,2080.0,2080.0,2097.0,2400.0,2400.0,2400.0,2400.0,2550.0,2596.0,2596.0,2596.0,2596.0,2596.0,2596.0,2626.0,2626.0,3259.0,4505.0,4867.0,4867.0,4867.0,4867.0,4867.0,4867.0,4867.0,4867.0,4867.0,4867.0,4867.0
2020-12-20,0.0,0.0,0.0,0.0,0.0,0.0,0.0,0.0,0.0,0.0,0.0,0.0,0.0,10.0,10.0,10.0,10.0,10.0,10.0,10.0,10.0,10.0,10.0,10.0,10.0,10.0,10.0,10.0,10.0,18.0,18.0,18.0,18.0,114.0,114.0,1638.0,1912.0,1923.0,2323.0,2323.0,3300.0,3334.0,3334.0,3334.0,3334.0,4015.0,4109.0,4721.0,4721.0,4721.0,4721.0,4721.0,4721.0,4721.0,4721.0,4721.0,5152.0,6161.0,6165.0,6580.0,6580.0,6580.0,7557.0,8557.0,8639.0,8681.0,8681.0,8902.0,8974.0,9096.0,9201.0,9283.0,9357.0,9357.0,9357.0,9357.0,9357.0,9357.0,9421.0,9421.0,9421.0,9421.0,9421.0,9421.0,9421.0,9421.0,9421.0,9421.0,9421.0,9421.0,9421.0,9421.0,9421.0,9421.0,9421.0,9421.0
2020-12-21,0.0,0.0,0.0,0.0,0.0,0.0,0.0,0.0,0.0,0.0,0.0,0.0,0.0,0.0,0.0,0.0,0.0,0.0,0.0,20.0,20.0,20.0,20.0,27.0,27.0,27.0,27.0,27.0,27.0,27.0,27.0,27.0,27.0,121.0,121.0,310.0,310.0,310.0,393.0,1020.0,1020.0,1020.0,1020.0,1106.0,1434.0,1743.0,1785.0,1785.0,1785.0,1785.0,1785.0,1785.0,1785.0,1873.0,1873.0,1873.0,1873.0,1873.0,1920.0,2207.0,3222.0,3552.0,3595.0,3595.0,3614.0,3614.0,3614.0,3614.0,3614.0,3614.0,3878.0,3878.0,3996.0,4519.0,4928.0,4928.0,4928.0,4928.0,5228.0,6108.0,6227.0,6227.0,6257.0,6257.0,6257.0,6257.0,6257.0,6257.0,6257.0,6257.0,6307.0,6307.0,6307.0,6307.0,6307.0,6307.0
2020-12-22,0.0,0.0,0.0,0.0,0.0,0.0,0.0,0.0,0.0,0.0,0.0,0.0,0.0,0.0,0.0,0.0,0.0,0.0,0.0,0.0,0.0,0.0,0.0,0.0,19.0,110.0,251.0,279.0,407.0,407.0,407.0,407.0,407.0,407.0,407.0,494.0,602.0,602.0,602.0,961.0,961.0,961.0,961.0,961.0,1229.0,1452.0,1644.0,1644.0,1644.0,1644.0,1644.0,1644.0,1644.0,1644.0,1726.0,1726.0,1726.0,1726.0,1726.0,1726.0,1726.0,1977.0,1977.0,1977.0,1977.0,2067.0,2067.0,2153.0,2200.0,2519.0,2592.0,2925.0,2933.0,2933.0,2933.0,2933.0,2933.0,2933.0,2933.0,2933.0,2933.0,2933.0,2953.0,2953.0,3114.0,3499.0,3591.0,3591.0,3591.0,3664.0,3689.0,3689.0,3689.0,3689.0,3689.0,3689.0
2020-12-23,0.0,0.0,0.0,0.0,0.0,0.0,0.0,0.0,0.0,0.0,0.0,0.0,0.0,0.0,0.0,0.0,0.0,0.0,0.0,0.0,0.0,0.0,0.0,0.0,0.0,0.0,57.0,87.0,234.0,234.0,234.0,234.0,234.0,252.0,270.0,293.0,1389.0,1389.0,1389.0,1389.0,1615.0,1762.0,1823.0,1823.0,2083.0,2183.0,2545.0,2545.0,2545.0,2614.0,2614.0,2614.0,2614.0,2614.0,2696.0,2696.0,2696.0,2696.0,2696.0,2786.0,2786.0,2786.0,2786.0,2953.0,2991.0,2991.0,3111.0,3111.0,3195.0,3195.0,3286.0,3286.0,3286.0,3286.0,3286.0,3286.0,3377.0,3377.0,3377.0,3570.0,3874.0,3874.0,3874.0,4715.0,4761.0,4761.0,5257.0,5604.0,5604.0,5604.0,5604.0,5604.0,5604.0,5604.0,5604.0,5604.0
2020-12-24,0.0,8.0,8.0,8.0,8.0,8.0,8.0,8.0,8.0,8.0,8.0,8.0,8.0,8.0,8.0,8.0,8.0,8.0,8.0,8.0,8.0,8.0,8.0,8.0,8.0,8.0,109.0,161.0,169.0,169.0,169.0,169.0,169.0,182.0,182.0,182.0,271.0,271.0,337.0,337.0,337.0,337.0,1014.0,1035.0,1035.0,1851.0,1867.0,1988.0,1988.0,1988.0,1988.0,1988.0,1988.0,1988.0,1988.0,1988.0,1988.0,1988.0,2084.0,2084.0,2084.0,2168.0,2168.0,2168.0,2168.0,2168.0,2168.0,2168.0,2256.0,2661.0,2989.0,2989.0,2989.0,3396.0,4019.0,4394.0,5089.0,5519.0,5519.0,5544.0,6799.0,7098.0,7098.0,7098.0,7098.0,7098.0,7098.0,7392.0,7392.0,7392.0,7392.0,7392.0,7392.0,7392.0,7392.0,7392.0
2020-12-25,0.0,0.0,0.0,0.0,0.0,0.0,0.0,0.0,0.0,0.0,0.0,0.0,0.0,0.0,0.0,0.0,0.0,0.0,0.0,0.0,0.0,0.0,0.0,0.0,0.0,129.0,239.0,456.0,466.0,466.0,466.0,466.0,466.0,466.0,475.0,475.0,475.0,555.0,583.0,583.0,661.0,661.0,661.0,1140.0,1679.0,2143.0,2151.0,2231.0,2231.0,2231.0,2231.0,2231.0,2235.0,2235.0,2336.0,2336.0,2336.0,2336.0,2336.0,2336.0,2336.0,2412.0,2425.0,2592.0,2592.0,2749.0,2937.0,3443.0,3837.0,3837.0,3837.0,3837.0,3837.0,3837.0,3837.0,3933.0,3933.0,3933.0,3933.0,3933.0,3933.0,3933.0,3933.0,3933.0,3933.0,3950.0,3950.0,3970.0,3970.0,3970.0,3970.0,3970.0,3970.0,3970.0,3970.0,3970.0
2020-12-26,0.0,0.0,0.0,0.0,0.0,0.0,0.0,0.0,0.0,0.0,0.0,0.0,0.0,0.0,0.0,0.0,0.0,0.0,0.0,0.0,0.0,0.0,0.0,0.0,0.0,0.0,0.0,0.0,0.0,16.0,96.0,96.0,96.0,96.0,96.0,96.0,96.0,106.0,106.0,106.0,106.0,510.0,2239.0,2754.0,2754.0,2754.0,2754.0,2754.0,2754.0,2754.0,2754.0,2754.0,2754.0,2754.0,2754.0,2754.0,2754.0,2754.0,2754.0,2754.0,2754.0,2754.0,2754.0,2754.0,2754.0,2754.0,2754.0,2754.0,2754.0,2754.0,2754.0,2754.0,2754.0,2754.0,2754.0,2754.0,2754.0,2754.0,2754.0,2754.0,2754.0,2754.0,2754.0,2754.0,2754.0,2754.0,2754.0,2754.0,2754.0,2754.0,2754.0,2754.0,2754.0,2754.0,2754.0,2754.0
2020-12-27,0.0,0.0,0.0,0.0,0.0,0.0,0.0,0.0,0.0,0.0,0.0,0.0,0.0,0.0,0.0,0.0,0.0,0.0,0.0,0.0,0.0,37.0,54.0,62.0,62.0,62.0,62.0,103.0,142.0,142.0,178.0,221.0,221.0,221.0,320.0,320.0,320.0,320.0,429.0,429.0,429.0,429.0,429.0,429.0,1577.0,2073.0,2459.0,2875.0,3548.0,3646.0,3646.0,3646.0,3654.0,3654.0,3654.0,3667.0,4291.0,5077.0,5077.0,5077.0,5077.0,5077.0,5077.0,5163.0,5898.0,6037.0,6050.0,6050.0,6954.0,6963.0,6963.0,6963.0,6963.0,6963.0,6963.0,6963.0,6963.0,6963.0,6963.0,6963.0,6963.0,6963.0,6963.0,6968.0,6968.0,6968.0,6968.0,6968.0,8086.0,8747.0,8747.0,8747.0,8747.0,8747.0,8747.0,8747.0
2020-12-28,0.0,0.0,0.0,0.0,0.0,0.0,0.0,0.0,0.0,0.0,0.0,0.0,0.0,0.0,0.0,0.0,0.0,0.0,0.0,0.0,0.0,0.0,0.0,0.0,0.0,24.0,96.0,131.0,131.0,196.0,196.0,196.0,196.0,196.0,196.0,196.0,196.0,196.0,196.0,196.0,215.0,215.0,249.0,249.0,249.0,316.0,324.0,340.0,383.0,383.0,383.0,383.0,383.0,383.0,383.0,383.0,383.0,383.0,383.0,383.0,417.0,417.0,460.0,532.0,701.0,740.0,1074.0,1384.0,1584.0,2375.0,3564.0,3564.0,3564.0,3564.0,3564.0,3565.0,3591.0,3591.0,3591.0,3591.0,3591.0,3591.0,3591.0,3591.0,3591.0,3591.0,3591.0,3591.0,3591.0,3591.0,3605.0,3605.0,3605.0,3613.0,3613.0,3613.0
2020-12-29,0.0,0.0,0.0,0.0,0.0,0.0,0.0,0.0,0.0,0.0,0.0,0.0,0.0,0.0,0.0,0.0,0.0,0.0,0.0,0.0,0.0,0.0,0.0,0.0,169.0,237.0,310.0,461.0,472.0,472.0,472.0,472.0,472.0,472.0,472.0,472.0,472.0,472.0,472.0,472.0,472.0,472.0,622.0,1900.0,1939.0,1966.0,1966.0,1966.0,1966.0,1966.0,1972.0,1972.0,2486.0,2486.0,2601.0,2629.0,2675.0,2675.0,2675.0,2675.0,2700.0,2700.0,2700.0,2700.0,3108.0,4369.0,4369.0,4369.0,4369.0,4369.0,4369.0,4369.0,4385.0,4385.0,4400.0,4400.0,4400.0,4400.0,4400.0,4400.0,4400.0,4400.0,4924.0,4999.0,4999.0,5637.0,6918.0,6918.0,6918.0,6918.0,6918.0,6918.0,6918.0,6918.0,6918.0,6918.0
2020-12-30,0.0,0.0,0.0,0.0,0.0,0.0,0.0,0.0,0.0,0.0,0.0,0.0,0.0,0.0,0.0,0.0,0.0,0.0,0.0,0.0,0.0,0.0,0.0,0.0,0.0,64.0,230.0,302.0,316.0,388.0,398.0,398.0,398.0,398.0,398.0,398.0,398.0,1409.0,2236.0,3135.0,3147.0,3147.0,3147.0,3155.0,3295.0,3595.0,3714.0,3721.0,3765.0,3765.0,3765.0,3765.0,3765.0,3765.0,3781.0,4045.0,4045.0,4045.0,4062.0,4062.0,4062.0,4062.0,4062.0,4062.0,4062.0,4062.0,4137.0,4137.0,4137.0,4137.0,4137.0,4663.0,6479.0,6754.0,6754.0,6754.0,6754.0,6754.0,6754.0,6754.0,6754.0,6754.0,6754.0,6754.0,6754.0,6754.0,6754.0,6754.0,6754.0,6754.0,6754.0,6754.0,6754.0,6754.0,6754.0,6754.0
2020-12-31,0.0,0.0,0.0,0.0,0.0,0.0,0.0,0.0,0.0,0.0,0.0,0.0,0.0,0.0,0.0,0.0,0.0,0.0,0.0,0.0,0.0,0.0,0.0,0.0,0.0,14.0,127.0,181.0,254.0,297.0,297.0,297.0,297.0,297.0,297.0,297.0,355.0,355.0,355.0,355.0,355.0,355.0,355.0,355.0,355.0,355.0,447.0,447.0,481.0,481.0,481.0,481.0,481.0,481.0,481.0,481.0,481.0,481.0,481.0,481.0,481.0,481.0,481.0,481.0,481.0,481.0,481.0,481.0,481.0,481.0,481.0,481.0,481.0,481.0,481.0,570.0,570.0,570.0,664.0,664.0,1713.0,2138.0,2138.0,2138.0,2138.0,2138.0,2138.0,2138.0,2138.0,2138.0,2138.0,2138.0,2138.0,2138.0,2138.0,2138.0
2021-01-01,0.0,0.0,0.0,0.0,0.0,0.0,0.0,0.0,0.0,0.0,0.0,0.0,0.0,0.0,0.0,0.0,0.0,0.0,0.0,0.0,0.0,0.0,0.0,0.0,0.0,0.0,0.0,0.0,87.0,87.0,87.0,87.0,87.0,87.0,175.0,175.0,175.0,175.0,175.0,866.0,1213.0,1225.0,1225.0,1241.0,1241.0,1599.0,1888.0,2571.0,2571.0,2571.0,2571.0,2571.0,2571.0,2580.0,2580.0,2801.0,3330.0,3994.0,3994.0,3994.0,3994.0,3994.0,3994.0,4244.0,4290.0,4290.0,4298.0,4298.0,4298.0,4320.0,4320.0,4320.0,4320.0,4320.0,4320.0,4320.0,4340.0,4349.0,4351.0,4351.0,4351.0,4351.0,4351.0,4351.0,4351.0,4370.0,4370.0,4370.0,4370.0,4444.0,4444.0,4810.0,4873.0,4873.0,4873.0,4873.0
2021-01-02,0.0,0.0,0.0,0.0,0.0,0.0,0.0,0.0,0.0,0.0,0.0,0.0,0.0,0.0,0.0,0.0,0.0,0.0,0.0,0.0,0.0,0.0,0.0,0.0,0.0,0.0,103.0,151.0,192.0,192.0,192.0,192.0,192.0,192.0,192.0,192.0,192.0,290.0,878.0,878.0,1418.0,1577.0,1577.0,1577.0,2034.0,2492.0,2508.0,2508.0,2508.0,2508.0,2508.0,2508.0,2508.0,2508.0,2529.0,2558.0,2558.0,2558.0,2558.0,2558.0,2558.0,2558.0,2632.0,2632.0,2649.0,2971.0,3161.0,3421.0,3517.0,3517.0,3640.0,3640.0,3640.0,3640.0,3640.0,3640.0,3640.0,3640.0,3640.0,3640.0,3640.0,3640.0,3640.0,3640.0,3713.0,5515.0,5697.0,5697.0,5697.0,5697.0,5697.0,5697.0,5697.0,5697.0,5697.0,5697.0
2021-01-03,0.0,0.0,0.0,0.0,0.0,0.0,0.0,0.0,0.0,0.0,0.0,0.0,0.0,0.0,0.0,0.0,0.0,0.0,0.0,0.0,0.0,0.0,0.0,0.0,0.0,0.0,0.0,0.0,0.0,0.0,0.0,0.0,0.0,0.0,10.0,10.0,10.0,100.0,100.0,100.0,100.0,100.0,556.0,1187.0,1822.0,1900.0,2742.0,2742.0,2742.0,2750.0,2750.0,2750.0,2750.0,2758.0,2766.0,2766.0,2844.0,2860.0,2860.0,2860.0,2943.0,2948.0,2948.0,3597.0,4448.0,4480.0,4480.0,4480.0,4480.0,4480.0,4736.0,4791.0,4791.0,4791.0,4791.0,4791.0,4791.0,4791.0,4791.0,4791.0,4791.0,4791.0,4791.0,4791.0,4917.0,4992.0,5184.0,5334.0,5366.0,5366.0,5366.0,5366.0,5366.0,5366.0,5366.0,5366.0
2021-01-04,0.0,0.0,0.0,0.0,0.0,0.0,0.0,0.0,0.0,0.0,0.0,0.0,0.0,0.0,0.0,0.0,0.0,0.0,0.0,0.0,0.0,0.0,0.0,0.0,0.0,0.0,68.0,89.0,215.0,215.0,280.0,382.0,398.0,398.0,398.0,710.0,710.0,879.0,936.0,981.0,1239.0,1563.0,1563.0,1691.0,2477.0,2789.0,2948.0,3611.0,3611.0,3611.0,3611.0,3611.0,3611.0,3713.0,3713.0,3859.0,3894.0,3894.0,3894.0,3894.0,3894.0,3894.0,3894.0,3894.0,3977.0,3977.0,3977.0,4056.0,4065.0,4065.0,4065.0,4153.0,4153.0,4169.0,4541.0,5016.0,5157.0,5566.0,5566.0,5566.0,5566.0,5657.0,5657.0,5657.0,5657.0,5693.0,5693.0,5693.0,5693.0,5693.0,5693.0,5693.0,5693.0,5693.0,5693.0,5693.0
2021-01-05,0.0,0.0,0.0,0.0,0.0,0.0,0.0,0.0,0.0,0.0,0.0,0.0,0.0,0.0,0.0,0.0,0.0,0.0,0.0,0.0,0.0,0.0,0.0,0.0,37.0,176.0,274.0,286.0,316.0,362.0,440.0,440.0,440.0,440.0,440.0,440.0,446.0,446.0,446.0,446.0,446.0,446.0,446.0,446.0,446.0,446.0,446.0,446.0,446.0,537.0,537.0,537.0,537.0,537.0,1440.0,2170.0,2231.0,2231.0,2396.0,2877.0,3782.0,3782.0,3782.0,3782.0,4521.0,5199.0,5199.0,5199.0,5199.0,5199.0,5199.0,5334.0,5358.0,5358.0,5358.0,5358.0,5358.0,5417.0,5417.0,5421.0,5421.0,5421.0,5421.0,5421.0,5421.0,5421.0,5421.0,5421.0,5421.0,5421.0,5421.0,5421.0,5421.0,5421.0,5421.0,5421.0
2021-01-06,0.0,0.0,0.0,0.0,0.0,0.0,0.0,0.0,0.0,0.0,0.0,0.0,0.0,0.0,0.0,0.0,0.0,0.0,0.0,0.0,0.0,0.0,0.0,0.0,0.0,198.0,218.0,362.0,390.0,390.0,503.0,503.0,503.0,503.0,503.0,555.0,596.0,596.0,596.0,865.0,1740.0,2166.0,2393.0,2393.0,2813.0,3138.0,3300.0,3366.0,3407.0,3446.0,3446.0,3446.0,3446.0,3446.0,3532.0,3655.0,3726.0,3726.0,3770.0,3828.0,3828.0,3828.0,3828.0,4111.0,4111.0,4111.0,4111.0,4111.0,4131.0,4223.0,4223.0,4223.0,4223.0,4223.0,4694.0,4990.0,4990.0,4990.0,4990.0,5942.0,6019.0,6019.0,6019.0,6019.0,6019.0,6019.0,6019.0,6019.0,6089.0,6089.0,6089.0,6089.0,6109.0,6109.0,6109.0,6109.0
2021-01-07,0.0,0.0,0.0,0.0,0.0,0.0,0.0,0.0,0.0,0.0,0.0,0.0,0.0,0.0,0.0,0.0,0.0,0.0,0.0,0.0,0.0,0.0,0.0,0.0,0.0,31.0,67.0,124.0,181.0,181.0,194.0,305.0,305.0,454.0,630.0,644.0,644.0,644.0,644.0,644.0,644.0,644.0,644.0,644.0,644.0,644.0,644.0,644.0,644.0,644.0,735.0,735.0,735.0,735.0,833.0,1223.0,1447.0,1472.0,1472.0,1636.0,1725.0,1949.0,2202.0,2202.0,2202.0,2321.0,2321.0,2362.0,2362.0,2362.0,2362.0,2362.0,2362.0,2362.0,2362.0,2362.0,2362.0,2362.0,2362.0,2362.0,2362.0,2362.0,2368.0,2471.0,4036.0,4757.0,4757.0,4757.0,4757.0,4757.0,4757.0,4757.0,4757.0,4757.0,4757.0,4757.0
2021-01-08,0.0,0.0,0.0,0.0,0.0,0.0,0.0,0.0,0.0,0.0,0.0,0.0,0.0,0.0,0.0,0.0,0.0,0.0,0.0,0.0,0.0,0.0,19.0,19.0,53.0,170.0,362.0,513.0,513.0,513.0,564.0,579.0,672.0,672.0,672.0,672.0,686.0,770.0,859.0,859.0,978.0,1539.0,1581.0,1581.0,1952.0,1952.0,2309.0,2309.0,2309.0,2309.0,2425.0,2425.0,2425.0,2425.0,2425.0,2600.0,2600.0,2600.0,2600.0,2600.0,2600.0,2600.0,2600.0,2685.0,2685.0,2685.0,2685.0,2685.0,2734.0,2780.0,2780.0,2780.0,2780.0,2780.0,2904.0,3221.0,3489.0,3489.0,3489.0,3559.0,3793.0,3793.0,3815.0,3815.0,3815.0,3815.0,3815.0,3815.0,3815.0,3815.0,3851.0,4008.0,4217.0,4233.0,4233.0,4233.0
2021-01-09,0.0,0.0,0.0,0.0,0.0,0.0,0.0,0.0,0.0,0.0,0.0,0.0,0.0,0.0,0.0,0.0,0.0,0.0,0.0,0.0,0.0,0.0,0.0,0.0,0.0,0.0,0.0,0.0,11.0,72.0,72.0,155.0,155.0,155.0,155.0,155.0,1177.0,2414.0,3582.0,3759.0,3769.0,3769.0,3769.0,3769.0,4097.0,4531.0,4655.0,5078.0,5078.0,5094.0,5094.0,5598.0,6615.0,6702.0,6702.0,6702.0,6702.0,6702.0,6977.0,6977.0,6977.0,6977.0,7046.0,7046.0,7064.0,7064.0,7064.0,7064.0,7470.0,7470.0,7470.0,7470.0,7470.0,7888.0,8060.0,8060.0,8060.0,8060.0,8060.0,8060.0,8060.0,8211.0,9084.0,9177.0,9177.0,9177.0,9177.0,9177.0,9177.0,9251.0,9369.0,9422.0,9445.0,9445.0,9445.0,9445.0
2021-01-10,0.0,0.0,0.0,0.0,0.0,0.0,0.0,0.0,0.0,0.0,0.0,0.0,0.0,0.0,0.0,0.0,0.0,0.0,0.0,0.0,0.0,0.0,0.0,81.0,150.0,187.0,311.0,311.0,311.0,311.0,311.0,311.0,431.0,431.0,431.0,431.0,431.0,1451.0,2625.0,3414.0,3434.0,3434.0,3434.0,3452.0,3705.0,4126.0,4126.0,4745.0,4845.0,5445.0,6612.0,6915.0,6915.0,7216.0,7742.0,7917.0,8385.0,8385.0,8385.0,8610.0,9680.0,10704.0,10751.0,10751.0,10751.0,10751.0,10751.0,10767.0,11131.0,11340.0,11423.0,11423.0,12227.0,12432.0,12432.0,12432.0,12432.0,12432.0,12432.0,12432.0,12432.0,12432.0,12432.0,12432.0,12432.0,12432.0,12432.0,12432.0,12440.0,12440.0,12440.0,12440.0,12440.0,12440.0,12440.0,12440.0
2021-01-11,0.0,0.0,0.0,0.0,0.0,0.0,0.0,0.0,0.0,0.0,0.0,0.0,0.0,0.0,0.0,0.0,0.0,0.0,0.0,0.0,0.0,0.0,0.0,0.0,0.0,0.0,0.0,0.0,0.0,41.0,81.0,81.0,81.0,81.0,81.0,81.0,168.0,168.0,267.0,267.0,267.0,512.0,654.0,654.0,991.0,1010.0,1362.0,1362.0,1362.0,1362.0,1362.0,1362.0,1362.0,1443.0,1443.0,1443.0,1443.0,1443.0,1519.0,1616.0,1616.0,1616.0,1616.0,1616.0,1772.0,1772.0,1772.0,1772.0,1772.0,1772.0,1864.0,1876.0,1876.0,1876.0,2181.0,2370.0,2370.0,2370.0,2444.0,2526.0,2526.0,2526.0,2526.0,2526.0,2526.0,2526.0,2526.0,2526.0,2526.0,2526.0,2526.0,2526.0,2526.0,2526.0,2526.0,2526.0
2021-01-12,0.0,0.0,0.0,0.0,0.0,0.0,0.0,0.0,0.0,0.0,0.0,0.0,0.0,0.0,0.0,0.0,0.0,0.0,0.0,0.0,0.0,0.0,0.0,34.0,34.0,72.0,222.0,338.0,338.0,338.0,338.0,338.0,338.0,338.0,338.0,432.0,615.0,808.0,808.0,808.0,808.0,1410.0,1488.0,1488.0,1721.0,1826.0,2191.0,2191.0,2191.0,2191.0,2191.0,2191.0,2333.0,2333.0,2333.0,2333.0,2333.0,2333.0,2410.0,2410.0,2410.0,2410.0,2410.0,2410.0,2450.0,2478.0,2478.0,2478.0,2551.0,2561.0,2561.0,2730.0,3069.0,3069.0,3069.0,3069.0,3209.0,4025.0,4041.0,4041.0,4041.0,4041.0,4041.0,4041.0,4041.0,4041.0,4041.0,4041.0,4041.0,4041.0,4041.0,4041.0,4041.0,4041.0,4041.0,4041.0
2021-01-13,0.0,0.0,0.0,0.0,0.0,0.0,0.0,0.0,0.0,0.0,0.0,0.0,0.0,0.0,0.0,0.0,0.0,0.0,0.0,0.0,0.0,0.0,0.0,34.0,34.0,139.0,147.0,197.0,197.0,197.0,197.0,197.0,197.0,197.0,524.0,634.0,634.0,888.0,888.0,888.0,1191.0,1191.0,1191.0,1191.0,1517.0,1721.0,1854.0,1854.0,1854.0,1854.0,1854.0,1854.0,1854.0,1854.0,1854.0,1854.0,1948.0,1952.0,1952.0,2140.0,2192.0,2237.0,2307.0,2380.0,2380.0,2380.0,2380.0,2380.0,2412.0,2655.0,2699.0,2715.0,2957.0,3210.0,3210.0,3210.0,3279.0,3301.0,3301.0,3301.0,3399.0,3399.0,3399.0,3399.0,3399.0,3399.0,3399.0,3399.0,3399.0,3399.0,3399.0,3399.0,3399.0,3399.0,3399.0,3399.0
2021-01-14,0.0,0.0,0.0,0.0,0.0,0.0,0.0,0.0,0.0,0.0,0.0,0.0,0.0,0.0,0.0,0.0,0.0,0.0,0.0,0.0,0.0,16.0,16.0,160.0,268.0,320.0,354.0,430.0,430.0,430.0,430.0,480.0,480.0,577.0,577.0,689.0,689.0,689.0,1038.0,1100.0,1100.0,1100.0,1231.0,1307.0,1307.0,1511.0,1595.0,1886.0,2174.0,2215.0,2234.0,2234.0,2234.0,2320.0,2320.0,2320.0,2320.0,2320.0,2320.0,2337.0,2337.0,2420.0,2420.0,2420.0,2420.0,2465.0,2503.0,2503.0,2518.0,2603.0,2603.0,2603.0,2603.0,3047.0,3322.0,3322.0,3322.0,3338.0,3646.0,3646.0,3682.0,3682.0,3682.0,3682.0,3682.0,3682.0,3682.0,3682.0,3682.0,3682.0,3682.0,3682.0,3682.0,3682.0,3682.0,3682.0
2021-01-15,0.0,0.0,0.0,0.0,0.0,0.0,0.0,0.0,0.0,0.0,0.0,0.0,0.0,0.0,0.0,0.0,0.0,0.0,0.0,0.0,0.0,0.0,22.0,34.0,165.0,165.0,165.0,307.0,318.0,337.0,337.0,337.0,337.0,337.0,435.0,435.0,435.0,435.0,435.0,435.0,1166.0,2069.0,3329.0,3329.0,3928.0,4009.0,4594.0,4594.0,4602.0,4602.0,4602.0,4602.0,4715.0,4779.0,4779.0,4968.0,5759.0,6399.0,6876.0,6876.0,6934.0,7679.0,8369.0,8369.0,8369.0,8369.0,8369.0,8369.0,8369.0,8699.0,8810.0,8867.0,8867.0,8867.0,8882.0,8882.0,8882.0,8940.0,8940.0,8940.0,8940.0,8940.0,8940.0,8940.0,8940.0,8940.0,8940.0,8940.0,8940.0,8940.0,8940.0,8940.0,8940.0,8940.0,8940.0,8940.0
2021-01-16,0.0,0.0,47.0,47.0,47.0,47.0,47.0,47.0,47.0,47.0,47.0,47.0,47.0,47.0,47.0,47.0,47.0,47.0,47.0,57.0,57.0,75.0,133.0,152.0,195.0,342.0,525.0,575.0,575.0,575.0,575.0,575.0,742.0,850.0,850.0,850.0,850.0,1013.0,2379.0,3615.0,3630.0,3770.0,3783.0,3811.0,3875.0,4233.0,4727.0,4820.0,5490.0,5507.0,5507.0,6717.0,6798.0,6798.0,6808.0,6888.0,7144.0,7305.0,7704.0,8544.0,9137.0,9160.0,9160.0,9383.0,10220.0,10961.0,12015.0,12015.0,12015.0,12015.0,12015.0,12139.0,12536.0,12585.0,12585.0,12585.0,12585.0,12585.0,12585.0,12585.0,12585.0,12585.0,12585.0,12585.0,12585.0,12585.0,12585.0,12585.0,12585.0,12585.0,12585.0,12585.0,12585.0,12585.0,12585.0,12585.0
2021-01-17,0.0,0.0,0.0,0.0,0.0,0.0,0.0,0.0,0.0,0.0,0.0,0.0,0.0,0.0,0.0,0.0,0.0,0.0,0.0,0.0,0.0,0.0,0.0,0.0,0.0,131.0,298.0,311.0,312.0,312.0,312.0,312.0,312.0,312.0,312.0,411.0,411.0,411.0,411.0,411.0,958.0,2021.0,2641.0,2641.0,2641.0,2641.0,2717.0,2793.0,2793.0,2793.0,2793.0,2807.0,3785.0,3785.0,4715.0,4725.0,4726.0,4743.0,4743.0,4753.0,4758.0,4758.0,4766.0,4766.0,4782.0,4782.0,4782.0,4792.0,5770.0,6271.0,6945.0,7608.0,7608.0,7608.0,7608.0,7608.0,7684.0,8026.0,8262.0,8569.0,8608.0,8608.0,8608.0,8608.0,8608.0,8608.0,8616.0,8616.0,8616.0,8616.0,8616.0,8616.0,8616.0,8616.0,8616.0,8616.0
2021-01-18,0.0,0.0,0.0,0.0,0.0,0.0,0.0,0.0,0.0,0.0,0.0,0.0,0.0,0.0,0.0,0.0,0.0,0.0,0.0,0.0,0.0,0.0,0.0,0.0,0.0,0.0,0.0,0.0,9.0,22.0,87.0,173.0,173.0,173.0,189.0,189.0,189.0,727.0,1916.0,3118.0,3437.0,3519.0,3620.0,3624.0,3624.0,3895.0,4004.0,4460.0,4889.0,4889.0,4889.0,4889.0,4889.0,5028.0,5028.0,5106.0,5106.0,5106.0,5106.0,5106.0,5106.0,5272.0,5272.0,5272.0,5272.0,5365.0,5365.0,5365.0,5365.0,5365.0,5493.0,5493.0,5493.0,5722.0,6002.0,6002.0,6002.0,6078.0,6107.0,6107.0,6107.0,6107.0,6107.0,6107.0,6107.0,6107.0,6107.0,6107.0,6107.0,6107.0,6107.0,6107.0,6107.0,6107.0,6107.0,6107.0
2021-01-19,0.0,0.0,0.0,0.0,0.0,0.0,0.0,0.0,0.0,0.0,0.0,0.0,0.0,0.0,0.0,0.0,0.0,0.0,0.0,0.0,18.0,18.0,18.0,18.0,19.0,124.0,183.0,270.0,270.0,281.0,389.0,389.0,389.0,389.0,389.0,389.0,481.0,540.0,607.0,607.0,814.0,1341.0,1343.0,1343.0,1678.0,1944.0,2015.0,2015.0,2015.0,2015.0,2015.0,2015.0,2015.0,2015.0,2015.0,2096.0,2096.0,2096.0,2196.0,2196.0,2196.0,2196.0,2196.0,2285.0,2285.0,2285.0,2285.0,2317.0,2380.0,2380.0,2380.0,2380.0,2458.0,2458.0,2866.0,2866.0,2866.0,2866.0,3005.0,3005.0,3822.0,4462.0,4462.0,4462.0,4462.0,4462.0,4462.0,4462.0,4462.0,4462.0,4462.0,4462.0,4462.0,4462.0,4462.0,4462.0
2021-01-20,0.0,0.0,0.0,0.0,0.0,0.0,0.0,0.0,0.0,0.0,0.0,0.0,0.0,0.0,0.0,0.0,0.0,0.0,0.0,0.0,0.0,0.0,26.0,26.0,111.0,183.0,329.0,376.0,387.0,387.0,452.0,462.0,462.0,462.0,462.0,462.0,462.0,556.0,556.0,556.0,747.0,1257.0,1257.0,1257.0,1596.0,1596.0,1947.0,2029.0,2029.0,2213.0,2213.0,2213.0,2213.0,2306.0,2306.0,2306.0,2306.0,2306.0,2443.0,2443.0,2443.0,2443.0,2525.0,2525.0,2525.0,2615.0,2615.0,2615.0,2615.0,2615.0,2723.0,2963.0,3227.0,3227.0,3227.0,3393.0,4364.0,4395.0,4395.0,4395.0,4771.0,5211.0,5211.0,5211.0,5219.0,5219.0,5219.0,5219.0,5219.0,5244.0,5244.0,5317.0,5317.0,5317.0,5317.0,5317.0
2021-01-21,0.0,1.0,1.0,1.0,1.0,1.0,1.0,1.0,1.0,1.0,1.0,1.0,1.0,1.0,1.0,1.0,1.0,1.0,1.0,1.0,1.0,23.0,23.0,23.0,70.0,115.0,188.0,363.0,422.0,458.0,458.0,458.0,458.0,458.0,458.0,460.0,460.0,460.0,460.0,460.0,460.0,460.0,460.0,460.0,460.0,460.0,460.0,460.0,460.0,460.0,460.0,460.0,460.0,460.0,460.0,460.0,628.0,703.0,862.0,968.0,1047.0,1225.0,1302.0,1302.0,1302.0,1302.0,1660.0,3006.0,4396.0,4396.0,4396.0,4396.0,4396.0,4396.0,4396.0,4396.0,4396.0,4396.0,4396.0,4396.0,4396.0,4396.0,4396.0,4396.0,4396.0,4396.0,4396.0,4396.0,4396.0,4396.0,4396.0,4396.0,4396.0,4396.0,4396.0,4396.0
2021-01-22,0.0,0.0,15.0,15.0,15.0,15.0,15.0,15.0,15.0,15.0,15.0,15.0,15.0,15.0,15.0,15.0,15.0,15.0,15.0,15.0,35.0,46.0,46.0,74.0,283.0,283.0,471.0,592.0,630.0,630.0,630.0,630.0,630.0,717.0,717.0,740.0,740.0,740.0,740.0,740.0,998.0,1395.0,1395.0,1395.0,1395.0,1395.0,1395.0,1395.0,1482.0,1796.0,1883.0,1929.0,1929.0,1929.0,1929.0,1929.0,1929.0,1929.0,1929.0,1929.0,1929.0,1929.0,2050.0,2050.0,2050.0,2050.0,2050.0,2136.0,2733.0,2733.0,2733.0,2733.0,2733.0,2817.0,2817.0,2817.0,2961.0,2961.0,2961.0,2961.0,2961.0,2964.0,2973.0,2973.0,2983.0,2999.0,2999.0,2999.0,3025.0,3025.0,3118.0,3118.0,3118.0,3118.0,3118.0,3118.0
2021-01-23,0.0,0.0,0.0,0.0,0.0,0.0,0.0,0.0,0.0,0.0,0.0,0.0,0.0,0.0,0.0,0.0,0.0,0.0,0.0,0.0,0.0,0.0,12.0,12.0,12.0,12.0,12.0,100.0,115.0,207.0,207.0,207.0,207.0,207.0,878.0,1293.0,1780.0,1990.0,2015.0,2027.0,2043.0,2043.0,2078.0,2503.0,2839.0,2839.0,3794.0,3794.0,3794.0,4633.0,4742.0,6163.0,6485.0,6493.0,6493.0,6493.0,6493.0,6493.0,6493.0,6672.0,6695.0,6695.0,6695.0,6695.0,6695.0,6695.0,6695.0,6695.0,6695.0,6695.0,6695.0,6695.0,6705.0,6705.0,7018.0,7251.0,7251.0,7251.0,7251.0,7251.0,7261.0,7261.0,7261.0,7261.0,7261.0,7261.0,7261.0,7261.0,7261.0,7261.0,7261.0,7261.0,7261.0,7261.0,7261.0,7261.0
2021-01-24,0.0,0.0,0.0,0.0,0.0,0.0,0.0,0.0,0.0,0.0,0.0,0.0,0.0,0.0,0.0,0.0,0.0,0.0,0.0,0.0,18.0,18.0,18.0,18.0,52.0,144.0,184.0,236.0,314.0,349.0,401.0,401.0,401.0,401.0,401.0,417.0,417.0,417.0,419.0,419.0,419.0,446.0,1200.0,1302.0,1302.0,2766.0,2825.0,2825.0,2845.0,2845.0,2845.0,2845.0,2845.0,2845.0,2845.0,2872.0,2895.0,2977.0,3309.0,3774.0,3778.0,3857.0,3857.0,3857.0,3857.0,3857.0,3857.0,3857.0,3857.0,3873.0,3873.0,3873.0,3873.0,3882.0,3882.0,3882.0,3882.0,3882.0,3882.0,3882.0,3882.0,3882.0,3882.0,3882.0,3882.0,3882.0,3882.0,3882.0,3882.0,3882.0,3882.0,3882.0,3882.0,3882.0,3882.0,3882.0
2021-01-25,0.0,0.0,0.0,0.0,0.0,0.0,0.0,0.0,0.0,0.0,0.0,0.0,0.0,0.0,0.0,0.0,0.0,0.0,0.0,0.0,0.0,0.0,0.0,0.0,0.0,0.0,0.0,0.0,0.0,24.0,69.0,104.0,104.0,104.0,104.0,128.0,128.0,128.0,128.0,193.0,212.0,212.0,212.0,523.0,621.0,950.0,1263.0,1302.0,1302.0,1302.0,1302.0,1302.0,1302.0,1470.0,1470.0,1470.0,1470.0,1470.0,1522.0,1581.0,1581.0,1581.0,1581.0,1581.0,1640.0,1741.0,1741.0,1741.0,1741.0,1741.0,1942.0,2019.0,2019.0,2091.0,2618.0,2618.0,2618.0,2618.0,2710.0,2710.0,3067.0,4244.0,4278.0,4304.0,4309.0,4309.0,4309.0,4309.0,4309.0,4309.0,4321.0,4363.0,4363.0,4363.0,4363.0,4363.0
2021-01-26,0.0,0.0,0.0,0.0,0.0,0.0,0.0,0.0,0.0,0.0,0.0,0.0,0.0,0.0,0.0,0.0,0.0,0.0,0.0,0.0,0.0,22.0,22.0,40.0,105.0,251.0,271.0,349.0,393.0,393.0,472.0,472.0,472.0,472.0,472.0,472.0,516.0,690.0,690.0,796.0,796.0,814.0,832.0,832.0,832.0,1065.0,1924.0,1944.0,2084.0,2267.0,2278.0,2278.0,2278.0,2278.0,2278.0,2359.0,2359.0,2359.0,2510.0,2510.0,2510.0,2510.0,2510.0,2510.0,2610.0,2610.0,2713.0,2873.0,2951.0,3027.0,3301.0,3697.0,3697.0,3697.0,3697.0,3792.0,3792.0,3863.0,3881.0,3881.0,3881.0,3903.0,3903.0,3903.0,3923.0,3926.0,3926.0,3926.0,3926.0,3926.0,3926.0,3926.0,3926.0,3926.0,3926.0,3926.0
2021-01-27,0.0,0.0,10.0,10.0,10.0,10.0,10.0,10.0,10.0,10.0,10.0,10.0,10.0,10.0,10.0,10.0,10.0,10.0,10.0,10.0,10.0,10.0,10.0,46.0,147.0,177.0,221.0,312.0,333.0,333.0,420.0,445.0,445.0,455.0,455.0,455.0,455.0,455.0,455.0,463.0,547.0,692.0,692.0,724.0,919.0,1494.0,1856.0,2137.0,2137.0,2137.0,2137.0,2137.0,2137.0,2137.0,2337.0,2337.0,2337.0,2337.0,2337.0,2337.0,2383.0,2423.0,2423.0,2512.0,2512.0,2512.0,2540.0,2562.0,2562.0,2562.0,2934.0,3216.0,3216.0,3216.0,3313.0,3323.0,3342.0,3342.0,3342.0,3342.0,3356.0,3356.0,3356.0,3356.0,3356.0,3356.0,3356.0,3356.0,3356.0,3393.0,3415.0,3415.0,3415.0,3415.0,3415.0,3415.0
2021-01-28,0.0,0.0,0.0,0.0,0.0,0.0,0.0,0.0,0.0,0.0,0.0,0.0,0.0,0.0,0.0,0.0,0.0,0.0,0.0,0.0,0.0,0.0,0.0,0.0,0.0,0.0,0.0,7.0,7.0,78.0,78.0,78.0,78.0,94.0,94.0,94.0,123.0,180.0,298.0,298.0,298.0,298.0,298.0,298.0,313.0,317.0,317.0,317.0,317.0,317.0,317.0,317.0,317.0,317.0,388.0,401.0,401.0,401.0,472.0,488.0,518.0,550.0,598.0,598.0,598.0,598.0,615.0,615.0,615.0,615.0,1030.0,1492.0,1492.0,1492.0,1492.0,1492.0,1492.0,1492.0,1492.0,1522.0,1557.0,1557.0,1813.0,3371.0,3371.0,3371.0,3371.0,3371.0,3371.0,3371.0,3371.0,3371.0,3371.0,3371.0,3371.0,3371.0
2021-01-29,0.0,0.0,0.0,0.0,0.0,0.0,0.0,0.0,0.0,0.0,0.0,0.0,0.0,0.0,0.0,0.0,0.0,0.0,0.0,0.0,0.0,8.0,8.0,8.0,231.0,326.0,407.0,470.0,790.0,804.0,804.0,804.0,804.0,851.0,851.0,851.0,851.0,950.0,1128.0,1128.0,1128.0,1341.0,1439.0,1439.0,1625.0,1790.0,1790.0,2133.0,2133.0,2141.0,2141.0,2141.0,2141.0,2288.0,2288.0,2305.0,2305.0,2305.0,2399.0,2399.0,2489.0,2489.0,2489.0,2489.0,2585.0,2585.0,2585.0,2585.0,2585.0,2585.0,2693.0,2802.0,3224.0,3683.0,3683.0,3683.0,3683.0,4566.0,4614.0,4614.0,4634.0,4634.0,4685.0,4685.0,4685.0,4685.0,4685.0,4685.0,4685.0,4685.0,4685.0,4685.0,4685.0,4685.0,4685.0,4685.0
2021-01-31,0.0,0.0,0.0,0.0,0.0,0.0,0.0,0.0,0.0,0.0,0.0,0.0,0.0,0.0,0.0,0.0,0.0,0.0,0.0,0.0,0.0,0.0,0.0,0.0,8.0,8.0,65.0,128.0,152.0,152.0,152.0,172.0,205.0,259.0,259.0,259.0,259.0,259.0,259.0,259.0,259.0,267.0,267.0,267.0,267.0,914.0,1181.0,1189.0,1189.0,1189.0,1189.0,1189.0,1189.0,1328.0,1408.0,1682.0,1694.0,1826.0,2538.0,2982.0,3082.0,3283.0,3291.0,3291.0,3291.0,3291.0,3299.0,3325.0,3325.0,3325.0,3361.0,3361.0,3361.0,3361.0,3361.0,3361.0,3361.0,3361.0,3361.0,3361.0,3361.0,3361.0,3361.0,3361.0,3361.0,3361.0,3361.0,3389.0,3411.0,3411.0,3411.0,3411.0,3499.0,3499.0,3507.0,3507.0
2021-02-01,0.0,0.0,0.0,0.0,0.0,0.0,0.0,0.0,0.0,0.0,0.0,0.0,0.0,0.0,0.0,0.0,0.0,0.0,0.0,0.0,0.0,0.0,0.0,0.0,54.0,85.0,187.0,263.0,265.0,276.0,290.0,326.0,354.0,354.0,371.0,371.0,441.0,463.0,560.0,560.0,633.0,1239.0,1269.0,1269.0,1557.0,1669.0,2038.0,2038.0,2038.0,2038.0,2116.0,2116.0,2116.0,2131.0,2201.0,2201.0,2201.0,2201.0,2293.0,2293.0,2293.0,2380.0,2380.0,2380.0,2380.0,2380.0,2380.0,2380.0,2380.0,2380.0,2380.0,2380.0,2593.0,2671.0,2671.0,2671.0,2671.0,2785.0,2876.0,2876.0,2985.0,3258.0,3455.0,3455.0,3455.0,3597.0,3597.0,3597.0,3609.0,3609.0,3609.0,3609.0,3609.0,3609.0,3609.0,3609.0
